naming,1962,1963,1964,1965,1966,1967,1968,1969,1970,1971,1972,1973,1974,1975,1976,1977,1978,1979,1980,1981,1982,1983,1984,1985,1986,1987,1988,1989,1990,1991,1992,1993,1994,1995,1996,1997,1998,1999,2000,2001,2002,2003,2004,2005,2006,2007,2008,2009,2010,2011,2012,2013,2014,2015,2016,2017,2018,2019,2020,2021,2022,1962 to 1971,1972 to 1981,1982 to 1991, 1992 to 2001,2002 to 2011,2012 to 2021,1977 to 1994, 1980 to 2018,1988 to 2010, 1976 to 2005,1981-2010,1977-2000,1962 - 2022,Total count
Tavg High Mountain Monsoon,8.944618496,8.747119402,8.910318433,8.209850906,8.380622978,8.94449137,9.097726962,9.035362695,8.833949115,8.910921346,9.186461613,9.097041658,8.378803138,8.939315495,8.891723718,9.328263034,8.968687422,8.837497782,8.759563975,8.347177767,8.625800882,8.393033729,7.695359512,7.928468719,7.924164814,7.640764857,7.649471818,7.379373819,8.163425918,7.755250409,7.954948574,7.711781828,8.303435205,7.904150275,7.889765555,7.904299675,8.118463609,7.962205582,8.168478051,7.731971042,8.015660718,8.075833478,7.851038815,8.292261658,8.120037505,8.115374908,8.036778049,8.2962404,8.027954515,7.930369121,8.262028486,8.015656708,8.165994879,8.075642608,7.96623893,8.437845485,8.339820386,8.493801061,8.291706938,8.339291672,8.531561068,0.025195464,-0.043016788,-0.073591079,0.00085698,0.002134045,0.033520552,-0.075398245,0.002375133,0.018003395,-0.029029661,0.002603429,-0.040197421,-0.013523589,61
Tavg High Mountain Postmonsoon,3.280219799,2.892888437,3.625662244,2.82121038,1.587037255,1.168747875,2.79996989,3.049101885,2.370532646,2.997389786,3.047669719,2.885001439,3.384293799,2.787965097,3.2459922,3.06086091,2.577511511,2.768075155,2.787702693,2.042382659,1.563023851,2.410188657,2.286243096,1.880314979,2.040112815,2.554794078,2.584164598,2.356235126,2.58131707,2.37902716,2.310043619,2.705060241,2.096793262,2.701675028,2.542127334,1.657210446,3.81692123,2.724728708,2.979949099,2.766821706,3.001719514,2.963142686,1.900938797,2.545716992,2.543737961,3.183027743,2.932688339,2.854256732,2.987079042,2.792580425,2.40955896,2.422848655,2.465696667,2.854722823,2.687895459,3.175745069,2.45236216,3.340880815,3.765566655,3.42603624,3.293906328,-0.057980444,-0.082583394,0.069806781,0.070519538,0.029406644,0.134569757,-0.013093437,0.016340481,0.022247082,0.005278784,0.030451494,0.012658804,0.005141139,61
Tavg High Mountain Premonsoon,4.072896502,3.47085996,4.278068452,3.600598184,4.395854769,2.3002856,4.097140687,4.662564834,4.272731269,3.657266464,4.895611515,4.653184552,4.492555511,3.51470912,4.355999258,4.22578538,3.988462948,4.856022917,4.769467838,3.981965202,3.681947541,4.199628635,4.534717013,4.443812593,3.483656567,3.394192872,4.068978063,3.947279346,3.106170576,4.343673954,4.632987425,3.458198206,4.288364857,4.791817994,4.598273473,3.550807022,3.945739015,5.140020195,4.295257083,4.071372629,3.936793984,4.058379341,4.442597425,4.145370965,4.216699387,4.32748128,4.439522029,4.546051149,5.82673428,4.306307048,4.692628719,4.700728694,4.636948088,4.322983306,4.867692323,4.363022385,4.283151714,4.394580268,3.81455901,4.532701304,5.610084432,0.019327085,-0.026063328,-0.035453481,0.008954256,0.104330945,-0.057445687,-0.026349974,0.017649586,0.035223614,-4.35125E-05,0.026062955,0.003202973,0.011279029,61
Tavg High Mountain Winter,-1.49013307,-1.203333239,-1.619945101,-1.537725759,-1.312090749,-2.063463094,-1.802905578,-1.011442614,-1.666401354,-1.564607592,-1.014098556,-0.561556192,-1.697067173,-3.088781479,-2.033137164,-1.053125277,-2.753159036,-1.483443694,-2.168818368,-0.620538463,-2.772657644,-3.025228441,-2.618708246,-2.661157006,-2.317551603,-2.127289346,-1.749026734,-2.694657378,-2.620870957,-2.03460709,-2.934870446,-2.485044081,-2.234757406,-2.961851432,-2.49162649,-2.924790272,-2.514219139,-1.255338873,-2.5086281,-2.341656153,-2.114109353,-2.28163232,-2.365612569,-2.11628835,-1.375859314,-2.461412878,-2.545012472,-1.116505418,-1.655150585,-2.430028822,-2.368534094,-1.865768532,-2.072160416,-1.72787898,-2.258959978,-1.252430799,-1.60680701,-2.179553366,-2.573614982,-1.345132954,-2.018337735,-0.014643314,-0.028204835,0.072847665,0.066549493,0.032823677,0.030839185,-0.044082937,0.015265522,0.031204606,-0.013145515,0.01456585,-0.025223446,-0.00774244,61
Tavg High Mountain annual,3.701900432,3.47688364,3.798526007,3.273483428,3.262856063,2.587515438,3.54798299,3.9338967,3.452702919,3.500242501,4.028911073,4.018417864,3.639646318,3.038302058,3.615144503,3.890446012,3.195375711,3.74453804,3.536979035,3.437746792,2.774528657,2.994405645,2.974402844,2.897859821,2.782595648,2.865615615,3.138396936,2.747057728,2.807510652,3.110836109,2.990777293,2.847499049,3.11345898,3.108947966,3.134634968,2.546881718,3.341726179,3.642903903,3.233764033,3.057127306,3.210016216,3.203930796,2.957240617,3.216765316,3.376153885,3.291117763,3.215993986,3.645010716,3.796654313,3.149806943,3.248920518,3.318366381,3.299119805,3.381367439,3.315716683,3.681045535,3.367131813,3.512427195,3.324554405,3.738224065,3.854303523,-0.007025302,-0.044967086,0.008402472,0.036720067,0.042173828,0.035370952,-0.039731148,0.01290768,0.026669674,-0.009234976,0.018420932,-0.012389772,-0.001211465,61
Tavg Hill Monsoon,24.29276001,23.93387742,24.10523762,23.42782486,23.76350393,24.07714384,24.16548797,23.75640093,23.82702665,23.58194308,24.17297103,24.12502508,23.23664791,23.58879501,23.45738101,24.26659722,23.75495915,23.5962044,23.81350156,23.27234919,23.2516534,23.35019317,22.73494695,22.95746263,22.88869568,22.53300342,22.67181755,22.13901966,22.92837637,22.64982238,22.79165677,22.53362299,23.27882438,22.92536328,22.71320555,22.90000595,23.28016627,22.76739167,23.00298985,22.70314842,22.7934924,23.09217907,22.64848143,23.24491807,23.09179071,23.02365351,22.98819806,23.41912614,23.20568474,22.99769897,23.41826609,23.0519053,23.40841449,23.22239968,22.87503961,23.41088569,23.46335382,23.61923056,23.46993665,23.39127707,23.53523425,-0.0385628,-0.043519818,-0.076130065,0.007169932,0.034226213,0.030279437,-0.075668151,0.007476835,0.025352642,-0.025940478,0.006553932,-0.038375488,-0.012551687,61
Tavg Hill Postmonsoon,18.82920673,18.2101776,19.17179555,18.13140582,17.70780798,16.5858999,18.17478113,17.91601373,17.91199521,18.0320348,18.44605908,18.18324502,18.58161954,18.05656351,18.49699541,18.25146812,17.73349472,17.95911393,17.81159416,17.29902975,16.85480439,17.74085102,17.44304747,17.03361183,17.26207593,17.87494097,17.96953367,17.50099461,17.77935051,17.36372578,17.34742563,17.70284078,17.09621624,17.97544721,17.88191221,16.57331373,19.43312069,18.13177608,18.3935031,17.89238473,17.88573631,17.97768728,16.83380544,17.57328145,17.50733821,18.53908073,18.44788286,18.12408204,18.42553106,17.83217471,17.39410553,17.50945111,17.76365679,18.06256941,17.7455948,18.60360351,17.62632343,18.59377131,19.28757889,18.66023264,18.44130591,-0.100197063,-0.104558071,0.051879728,0.108978723,0.077332011,0.166920496,-0.02215048,0.016243442,0.026991513,0.001272732,0.030278171,0.016997591,0.002090518,61
Tavg Hill Premonsoon,19.60278928,18.95470685,19.92496982,19.25885311,19.9305165,18.16604163,19.67118655,19.90425039,19.66900368,18.74011901,20.39349413,20.30785471,19.770424,19.67318176,19.56433174,19.54110152,19.05046748,19.8938987,19.74386503,18.85821372,18.68302053,18.37207502,19.8964106,19.73479062,18.34821217,18.41901138,19.12489012,19.08695331,17.9610853,19.37635055,19.80658149,18.25249784,19.43775199,20.17103441,19.9060534,18.35042766,18.92206236,20.67006609,19.27772817,19.18790129,19.02196304,19.14856356,19.8066805,19.28371769,19.35367025,19.50961558,19.61767808,19.74718542,21.56493061,19.51284166,19.91792082,19.99124566,20.1358653,19.47918445,20.30436354,19.54469238,19.38240054,19.56414625,18.84511012,19.65435339,21.03664684,-0.020575917,-0.115390612,-0.014806949,0.014954662,0.134501988,-0.086688932,-0.027043959,0.028552227,0.048980497,0.005403941,0.040225884,0.009574425,0.007229595,61
Tavg Hill Winter,13.41264073,13.93828689,13.57271471,13.72061911,13.45675539,13.33491086,12.81439635,13.48082685,12.92822726,13.10413714,13.60306292,14.84487114,13.17139918,11.75947129,12.90663065,13.66468881,12.44395821,13.02242942,12.34107685,13.40042487,11.85798946,11.37358011,12.01258452,12.08600598,12.38598889,12.82003263,13.23905695,11.9875653,12.19940766,12.63589588,11.48172257,11.99050891,12.4553089,11.41999591,12.10474374,11.53116235,12.10680523,13.7772616,12.04004883,12.60849787,12.59557879,12.23296649,12.22458155,12.52153269,13.6465211,12.12209723,12.21555865,14.01379996,13.3070494,12.31479624,12.27307947,12.7200307,12.39262363,13.14063351,12.45747318,13.61201466,13.2510145,12.56288263,12.05039309,13.50277837,12.22877521,-0.079678192,-0.104749287,0.10030334,0.112632528,0.069668385,0.052829129,-0.043343437,0.021791784,0.040556948,-0.01476564,0.024650385,-0.026111029,-0.011245548,61
Tavg Hill annual,19.03434919,18.75926219,19.19367942,18.63467572,18.71464595,18.04099906,18.706463,18.76437298,18.5840632,18.36455851,19.15389679,19.36524899,18.69002266,18.26950289,18.6063347,18.93096392,18.24571989,18.61791162,18.4275094,18.20750438,17.66186695,17.70917483,18.02174739,17.95296776,17.72124317,17.9117471,18.25132457,17.67863322,17.71705496,18.00644865,17.85684662,17.61986763,18.06702537,18.1229602,18.15147873,17.33872742,18.43553864,18.83662386,18.17856749,18.09798308,18.07419263,18.1128491,17.87838723,18.15586247,18.39983007,18.29861176,18.31732941,18.82604839,19.12579895,18.1643779,18.25084298,18.31815819,18.42514005,18.47619676,18.34561778,18.79279906,18.43077307,18.58500769,18.41325469,18.80216036,18.81049055,-0.059753493,-0.092054447,0.015311514,0.060933961,0.078932149,0.040835032,-0.042051507,0.018516072,0.0354704,-0.008507361,0.025427093,-0.009478625,-0.00361928,61
Tavg Koshi Basin Monsoon,23.28990673,22.98878245,23.1572218,22.47155787,22.74821759,23.15141296,23.2629814,22.97798461,22.9512489,22.82142741,23.29954397,23.23675469,22.40926926,22.83598918,22.73457472,23.41041183,22.95319611,22.80430677,22.91594232,21.88365976,21.72237852,21.7070916,21.1567192,21.38104524,21.46691403,21.13751356,21.18142036,20.72644306,21.94185708,21.31950192,21.97184278,21.39693579,22.06573808,21.57563241,21.56414876,21.64510407,21.91994275,21.53696853,22.05468034,21.5735696,21.58419735,22.20807381,21.46081741,21.97691114,21.76536571,21.69781025,21.79563526,22.19809154,21.32471975,21.47379884,21.88858486,21.53075755,21.35006167,21.15489534,21.95415318,22.19776344,22.21476086,22.22824265,21.84084515,21.78746578,22.24353914,-0.015744053,-0.072642419,-0.03067992,-0.003092171,-0.024861076,0.054997898,-0.086309713,0.004361222,0.019362389,-0.028069167,0.013785116,-0.041115869,-0.023361307,61
Tavg Koshi Basin Postmonsoon,17.75447194,17.21836621,18.09808205,17.14213324,16.42843477,15.55834812,17.1623829,17.08539002,16.83995334,17.14138027,17.42522236,17.19824995,17.63274243,17.08217829,17.52890742,17.30499554,16.79941389,17.0124869,16.92478827,15.81575711,15.46016392,16.20658317,15.82375574,15.67471612,15.86943336,16.70150093,16.6063303,16.48616746,16.83022012,16.45380017,16.45579154,16.5960946,16.23955321,16.81861864,16.62744911,15.58628799,18.09884299,16.88885129,17.10565294,16.76853856,17.18312814,17.09422658,15.97957685,16.49890642,16.54221734,17.29488002,16.76360988,16.95881971,16.81954945,16.99621771,16.33981935,16.50424722,16.00996905,16.74058959,16.96302903,17.30807517,16.35657933,17.34283383,17.82166636,17.60307974,17.42345514,-0.085087957,-0.124684253,0.122710022,0.075318993,0.017200325,0.160294647,-0.012839357,0.018275435,0.015873349,0.007056815,0.03675224,0.017819102,-0.000894966,61
Tavg Koshi Basin Premonsoon,18.53488818,17.90328533,18.81519196,18.14501187,18.86090862,16.97793684,18.58748329,18.93949714,18.64892461,17.83221126,19.3370493,19.19529644,18.79272107,18.38031524,18.61151538,18.54999627,18.15002112,19.0020879,18.87477288,18.02424846,17.38671977,16.90028946,18.49177594,18.25260529,17.0738365,17.05222413,17.65490459,17.44714183,16.52107733,18.25442038,18.75447296,17.44786166,18.28241423,18.88361235,18.61191246,17.31925478,17.85010259,19.26048865,18.40574642,18.04839006,17.89632263,18.23803184,18.42496717,18.13607056,18.1900898,18.33488464,18.41032486,18.58775637,19.93526347,18.0905992,18.71730213,18.51269918,18.38741028,17.90874161,18.94980235,18.28258585,18.32492682,18.27834825,17.49322555,18.4651036,19.71724567,-0.006294842,-0.083420847,-0.011412511,0.005137166,0.093397662,-0.056788322,-0.041232294,0.025328991,0.051692879,0.003076465,0.044346348,0.005812191,0.002100244,61
Tavg Koshi Basin Winter,12.56918221,13.00934653,12.62550751,12.74990357,12.66122888,12.31407966,12.07310671,12.78428568,12.19505228,12.3444364,12.86182355,13.82115768,12.34021912,10.93552556,12.04993217,12.8874264,11.49515572,12.32101957,11.63822751,12.87256168,10.36766098,9.925549038,10.42518546,10.28788403,10.92468257,10.99718902,11.56179907,10.28830208,10.21481105,11.79030089,10.33795596,11.29995047,11.17641751,10.40637391,10.92769377,10.30775828,10.83219175,12.33023124,11.14034465,11.1841261,11.35922744,11.56326357,11.40209516,11.6307498,12.31874544,10.9895218,10.69692684,12.4850235,11.83687078,10.69936571,10.86577026,11.77351737,11.64235902,11.53059437,11.14037036,12.56245475,11.98501659,11.20756565,10.66377663,12.37824529,11.89486611,-0.056402552,-0.077354431,0.109323806,0.078332589,-0.016603369,0.039124087,-0.07230491,0.024783027,0.047319734,-0.014604514,0.033509241,-0.034578847,-0.017561335,61
Tavg Koshi Basin annual,18.03711226,17.77994513,18.17400083,17.62715164,17.67469746,17.00044439,17.77148858,17.94678936,17.65879478,17.53486383,18.2309098,18.36286469,17.79373797,17.30850207,17.73123242,18.03820751,17.34944671,17.78497528,17.58843274,17.14905675,16.2342308,16.18487832,16.47435909,16.39906267,16.33371661,16.47210691,16.75111358,16.23701361,16.3769914,16.95450584,16.88001581,16.68521063,16.94103076,16.92105933,16.93280103,16.21460128,17.17527002,17.50413493,17.17660609,16.89365608,17.00571889,17.27589895,16.81686415,17.06065948,17.20410457,17.07927418,16.91662421,17.55742278,17.47910086,16.81499536,16.95286915,17.08030533,16.84745001,16.83370523,17.25183873,17.5877198,17.2203209,17.2642476,16.95487842,17.5584736,17.81977652,-0.040882351,-0.089525488,0.047485349,0.038924144,0.017283386,0.049407077,-0.053171569,0.018187169,0.033562088,-0.0081351,0.032098236,-0.013015856,-0.009929341,61
Tavg Middle Mountain Monsoon,17.44355171,17.12713847,17.29635099,16.61287119,16.90515368,17.28464319,17.39006402,17.07221982,17.07125625,16.9109242,17.41892908,17.36006891,16.51646508,16.92344514,16.81408962,17.52523296,17.05361133,16.90211056,17.04171535,16.41235452,16.41412911,16.16172907,15.67843084,16.0559769,16.04891083,15.67745098,15.77103942,15.30369164,16.18891509,15.80865692,16.07703619,15.74968887,16.44960901,16.05676071,15.92616946,16.05759302,16.38363544,15.96518212,16.25956509,15.8936778,16.00105822,16.3302855,15.85739777,16.40735396,16.23747763,16.18101348,16.87192191,17.40919294,15.10657939,15.99868342,15.45327438,16.06762295,16.45294816,14.98709016,16.30787678,17.05870471,17.20392674,16.96864754,16.17107652,16.28463115,18.17918691,-0.021784309,-0.050047131,-0.050660096,0.003689826,0.00308424,0.110219518,-0.076245124,0.00563864,0.025540272,-0.025837491,0.011421498,-0.037680806,-0.013600036,61
Tavg Middle Mountain Postmonsoon,11.92714438,11.36908835,12.27048416,11.29218333,10.65527621,9.718530947,11.31855449,11.19344483,11.01191296,11.26532558,11.58362767,11.34716776,11.77209961,11.22828761,11.67334983,11.44371622,10.9348544,11.15124846,11.04771483,10.35727059,9.926801006,10.94871654,10.68593846,10.33920241,10.32506884,10.99205289,11.03165898,10.68604353,10.96964434,10.60171794,10.57999616,10.89372246,10.34363637,11.10476623,10.97703925,9.806255008,12.45985085,11.21729592,11.46762961,11.05614687,11.18915185,11.21626765,10.09388001,10.76610495,10.73662206,11.6335823,10.74031515,12.06285709,11.12614681,12.66845813,11.20323132,11.825,10.95163934,11.82827869,11.46144573,11.70094492,11.77861206,13.09016393,13.4670473,13.83688525,13.58647541,-0.089087426,-0.105136807,0.054337128,0.094336205,0.141499315,0.278668719,-0.020129617,0.031826933,0.022401437,0.001716058,0.028168943,0.01422614,0.018073264,61
Tavg Middle Mountain Premonsoon,12.7057517,12.06978662,12.99714051,12.32803602,13.03222394,11.18061899,12.76252974,13.08305683,12.80712936,11.96072361,13.50488029,13.37798098,12.93970861,12.61072844,12.7519153,12.70053148,12.27655839,13.12633929,12.9930105,12.1331878,11.830223,11.03946527,13.66561301,13.0593029,11.34490206,11.54587682,12.22264803,12.13088498,11.10220127,12.55743659,12.97791472,11.54903741,12.59002529,13.25150141,12.99798184,11.59451416,12.12475135,13.69534696,12.52474894,12.3497458,12.19266175,12.36723877,12.86846918,12.43974621,12.50632772,12.65152731,13.4596762,13.17129771,14.91331894,12.9123259,14.07957567,13.6236413,13.03283539,12.73605993,13.19347826,12.78016304,12.95543478,12.9226198,11.83386471,13.92173913,15.28251909,-0.010075127,-0.091883432,-0.018173065,0.01163243,0.175870732,-0.086395355,-0.029766969,0.035014982,0.060636681,0.003490374,0.04599534,0.007162012,0.014409772,61
Tavg Middle Mountain Winter,6.680634467,7.143426328,6.764422652,6.895041509,6.759993251,6.472483504,6.157514266,6.856848047,6.277311833,6.433717477,6.946217796,7.980324477,6.448421195,5.041812669,6.164889121,6.981356155,5.634493145,6.394870707,5.712459689,6.900473991,5.028444875,4.587479663,5.738624679,5.459805131,5.950936111,5.903335024,6.302039944,5.101158169,5.223050953,5.945635112,4.769860976,5.370929172,5.663014709,4.744030031,5.35263098,4.794045037,5.32803637,6.884475068,5.359640712,5.73585128,5.809385184,5.611027405,5.554174347,5.82694412,6.782696103,5.382430523,4.879260949,7.148728698,6.868287761,5.367022629,6.288073598,8.249153597,8.463784563,8.297222222,6.290030443,7.625947402,7.316521574,5.986660043,5.618678574,8.971035173,9.824934885,-0.062563751,-0.084606011,0.072699891,0.096458354,0.051812219,-0.050051385,-0.051553366,0.049464319,0.041640205,-0.017673099,0.0192889,-0.031923477,0.010386907,61
Tavg Middle Mountain annual,12.18927057,11.92735994,12.33209958,11.78203301,11.83816177,11.16406916,11.90716563,12.05139238,11.7919026,11.64267272,12.36341371,12.51638553,11.91917362,11.45106846,11.85106097,12.16270921,11.47487932,11.89364225,11.69872509,11.45082172,10.7998995,10.68434764,11.44215175,11.22857183,10.91745446,11.02967893,11.33184659,10.80544458,10.87095291,11.22836164,11.10120201,10.89084448,11.26157134,11.2892646,11.31345538,10.56310181,11.5740685,11.94057502,11.40289609,11.25885544,11.29806425,11.38120483,11.09348033,11.36003731,11.56578088,11.4621384,11.48779355,12.44801911,12.00358323,11.73662252,11.75603874,12.44135446,12.22530186,11.96216275,11.8132078,12.29144002,12.31362379,12.24202283,11.77266678,13.25357267,14.21827907,-0.045877653,-0.082918345,0.014550965,0.051529204,0.093066627,0.063110374,-0.044423769,0.030486219,0.037554649,-0.009576039,0.02621867,-0.012054033,0.007317477,61
Tavg Siwalik Monsoon,32.89730171,32.58088847,32.75010099,32.06662119,32.35890368,32.73839319,32.84381402,32.52596982,32.52500625,32.3646742,32.87267908,32.81381891,31.97021508,32.37719514,32.26783962,32.97898296,32.50736133,32.35586056,32.49546535,29.54631279,28.47843012,28.78770492,28.44180328,28.49877049,29.0295082,28.73114754,28.61598361,28.07868852,30.81190295,29.14737298,31.53078619,29.81214638,30.41946282,29.50737705,29.9376838,29.87827869,30.00606299,29.59713115,31.15505363,30.21762295,29.68196721,31.7840355,29.66202127,30.10491803,29.71229508,29.5602459,29.45491803,29.83999594,28.7147541,28.93694961,30.44221311,28.95245902,29.22172131,29.69016393,31.06154045,30.05081967,30.01352459,29.89877049,29.34672131,29.05735872,28.79590164,-0.021784309,-0.176581225,0.111682284,-0.030867418,-0.178195782,-0.038540887,-0.126277364,0.013028033,0.005135194,-0.032602198,0.040696204,-0.050067752,-0.057232577,61
Tavg Siwalik Postmonsoon,27.38089438,26.82283835,27.72423416,26.74593333,26.10902621,25.17228095,26.77230449,26.64719483,26.46566296,26.71907558,27.03737767,26.80091776,27.22584961,26.68203761,27.12709983,26.89746622,26.3886044,26.60499846,26.50146483,23.59508197,23.60163934,23.72377049,22.77868852,23.54508197,23.94590164,25.66591381,24.98688525,25.77377049,26.42339434,25.89506204,26.03374616,25.35737705,25.8897338,25.77868852,25.3313775,24.66065574,26.89672131,25.72540984,25.79180328,25.64344262,27.22213115,26.67001765,25.54763001,25.41557377,25.75901639,26.05737705,24.8852459,25.03770492,24.72131148,25.11393443,24.63887765,24.58032787,24.26065574,25.73032787,26.47310457,25.95774988,23.70491803,24.49590164,24.80819672,24.75737705,24.65737705,-0.089087426,-0.226006187,0.367024261,0.008424295,-0.220951285,-0.016689564,0.009640069,0.018908573,-0.015823119,0.023770378,0.06323858,0.028911865,-0.028909491,61
Tavg Siwalik Premonsoon,28.1595017,27.52353662,28.45089051,27.78178602,28.48597394,26.63436899,28.21627974,28.53680683,28.26087936,27.41447361,28.95863029,28.83173098,28.39345861,28.06447844,28.2056653,28.15428148,27.73030839,28.58008929,28.4467605,27.5869378,25.48043478,23.85815217,25.95,25.79849608,25.24728261,24.92841278,25.2076087,24.51195652,23.90597826,27.00945422,27.94921642,27.00278741,27.07815374,27.52445652,27.13152174,26.07826087,26.70545885,27.67391304,27.97849894,26.85543478,26.70978261,27.82098877,26.71086957,26.94402174,26.93967391,27.10652174,26.32336957,27.1451087,27.42336957,25.68586957,26.37759971,25.75054348,26.95326087,26.38048038,27.60380435,26.62554348,26.99293478,26.38913043,25.57663043,25.93641304,27.07663043,-0.010075127,-0.091883432,0.029177019,-0.021487948,-0.06983312,-0.043331037,-0.092874488,0.027615054,0.06593917,0.002664137,0.070538193,0.001577964,-0.026354005,61
Tavg Siwalik Winter,22.13438447,22.59717633,22.21817265,22.34879151,22.21374325,21.9262335,21.61126427,22.31059805,21.73106183,21.88746748,22.3999678,23.43407448,21.9021712,20.49556267,21.61863912,22.43510615,21.08824314,21.84862071,21.16620969,22.35422399,17.26833333,16.66872462,16.37969513,15.94888889,17.60906126,17.10277778,18.28713526,16.51853613,15.62166667,21.03119542,18.17545573,20.82467917,18.90775664,18.65791499,18.89233964,17.91657927,18.48454992,19.93253334,20.02327112,18.75433624,19.26814737,21.21517885,20.6154081,20.66686644,20.32992322,19.09431361,18.17184411,19.86388889,18.79520291,17.38423036,17.21208791,18.21736387,18.12087145,18.71002929,18.81629999,20.5246908,19.06695975,18.48582813,17.53383031,18.51992203,18.1014585,-0.062563751,-0.084606011,0.204478871,0.019564219,-0.281050651,0.070240835,-0.172419841,0.025504902,0.082749191,-0.012863053,0.084451785,-0.061586071,-0.064164542,46
Tavg Siwalik annual,27.64302057,27.38110994,27.78584958,27.23578301,27.29191177,26.61781916,27.36091563,27.50514238,27.2456526,27.09642272,27.81716371,27.97013553,27.37292362,26.90481846,27.30481097,27.61645921,26.92862932,27.34739225,27.15247509,25.77063914,23.7072094,23.25958805,23.38754673,23.44780936,23.95793843,24.10706298,24.2744032,23.72073792,24.19073555,25.77077117,25.92230112,25.7492475,25.57377675,25.36710927,25.32323067,24.63344364,25.52319827,25.73224684,26.23715674,25.36770915,25.72050709,26.87255519,25.63398223,25.782845,25.68522715,25.45461457,24.7088444,25.47167461,24.91365951,24.28024599,24.6676946,24.37517356,24.63912734,25.12775037,25.98868734,25.78970096,24.94458429,24.81740767,24.31634469,24.56776771,24.65784191,-0.045877653,-0.144769214,0.178090609,-0.006091713,-0.18750771,-0.007080163,-0.095482906,0.021264141,0.034500109,-0.004757684,0.064731191,-0.020290999,-0.044165154,61
Tavg Tarai Monsoon,32.87130171,32.55488847,32.72410099,32.04062119,32.33290368,32.71239319,32.81781402,32.49996982,32.49900625,32.3386742,32.84667908,32.78781891,31.94421508,32.35119514,32.24183962,32.95298296,32.48136133,32.32986056,32.46946535,31.84010452,31.84187911,31.8427971,31.23305545,31.46454748,31.44329061,31.10520098,31.19878942,30.73144164,31.61666509,31.23640692,31.50478619,31.17743887,31.87735901,31.48451071,31.35391946,31.48534302,31.81138544,31.39293212,31.68731509,31.3214278,31.42880822,31.7580355,31.28514777,31.83510396,31.66522763,31.60876348,31.62636022,32.02590227,31.56862599,31.50529308,31.86714225,31.56614376,29.50122951,29.79918033,31.56007015,32.03056164,32.05317879,32.16076358,31.92478434,31.86477028,32.17581183,-0.021784309,-0.050047131,-0.064700646,0.003689826,0.014445905,0.13951087,-0.07795968,-0.006712529,0.022780441,-0.026936008,0.007650518,-0.039257877,-0.019898647,61
Tavg Tarai Postmonsoon,27.35489438,26.79683835,27.69823416,26.71993333,26.08302621,25.14628095,26.74630449,26.62119483,26.43966296,26.69307558,27.01137767,26.77491776,27.19984961,26.65603761,27.10109983,26.87146622,26.3626044,26.57899846,26.47546483,25.78502059,25.35455101,26.20938914,25.92486116,25.57536942,25.77400756,26.41980289,26.45940898,26.11379353,26.39739434,26.02946794,26.00774616,26.32147246,25.77138637,26.53251623,26.40478925,25.23400501,27.88760085,26.64504592,26.89537961,26.48389687,26.61690185,26.64401765,25.52163001,26.19385495,26.16437206,27.0613323,26.81191718,26.71519779,26.83767887,26.57394085,26.0533233,26.18360849,24.60819672,25.22704918,26.44710457,27.10233246,26.22068095,27.19345145,27.77994223,27.33486753,27.13821101,-0.089087426,-0.105136807,0.07050221,0.094336205,0.058714942,0.238003825,-0.018463321,0.008057746,0.023549834,0.003246121,0.031624015,0.016301111,-0.000870261,61
Tavg Tarai Premonsoon,28.1335017,27.49753662,28.42489051,27.75578602,28.45997394,26.60836899,28.19027974,28.51080683,28.23487936,27.38847361,28.93263029,28.80573098,28.36745861,28.03847844,28.1796653,28.12828148,27.70430839,28.55408929,28.4207605,27.5609378,27.257973,27.03212619,28.41213907,28.22662425,26.94512909,26.97362682,27.65039803,27.55863498,26.52995127,27.98518659,28.40566472,26.97678741,28.01777529,28.67925141,28.42573184,27.02226416,27.55250135,29.12309696,27.95249894,27.7774958,27.62041175,27.79498877,28.29621918,27.86749621,27.93407772,28.07927731,28.21137842,28.3291389,29.94796397,28.03565181,28.51878573,28.49733676,27.17814174,26.625,28.77967327,28.09950794,28.01071229,28.12126449,27.39596348,28.28031115,29.58034757,-0.010075127,-0.091883432,-0.017806082,0.01163243,0.122117768,-0.0100806,-0.030126078,0.017813104,0.047684435,0.003867386,0.038909365,0.007543582,0.003936828,61
Tavg Tarai Winter,22.10838447,22.57117633,22.19217265,22.32279151,22.18774325,21.9002335,21.58526427,22.28459805,21.70506183,21.86146748,22.3739678,23.40807448,21.8761712,20.46956267,21.59263912,22.40910615,21.06224314,21.82262071,21.14020969,22.32822399,20.45619488,20.02318924,20.61373121,20.60587718,20.99497818,21.287089,21.72978994,20.52890817,20.65080095,21.37338511,20.19761098,20.79867917,21.09076471,20.17178003,20.78038098,20.22179504,20.75578637,22.31222507,20.78739071,21.16360128,21.23713518,21.0387774,20.98192435,21.25469412,22.2104461,20.81018052,20.76298294,22.51520539,21.86896441,20.86080813,20.92414442,21.54680719,21.30667588,19.23296583,20.39700814,22.30205168,21.89739413,21.18201083,20.68959617,22.24262385,21.33749966,-0.062563751,-0.084606011,0.096289261,0.096458354,0.043729525,0.091762672,-0.050124972,0.011888609,0.040447723,-0.014575263,0.024589283,-0.028050212,-0.015041052,61
Tavg Tarai annual,27.61702057,27.35510994,27.75984958,27.20978301,27.26591177,26.59181916,27.33491563,27.47914238,27.2196526,27.07042272,27.79116371,27.94413553,27.34692362,26.87881846,27.27881097,27.59045921,26.90262932,27.32139225,27.12647509,26.87857172,26.2276495,26.27687542,26.54594672,26.46810458,26.28935136,26.44642992,26.75959659,26.23319458,26.29870291,26.65611164,26.52895201,26.31859448,26.68932134,26.7170146,26.74120538,25.99085181,27.0018185,27.36832502,26.83064609,26.68660544,26.72581425,26.80895483,26.52123033,26.78778731,26.99353088,26.8898884,26.85315969,27.39636109,27.55580831,26.74392347,26.84084893,26.94847405,25.64856096,25.22104883,26.79596403,27.38361343,27.04549154,27.16437259,26.94757156,27.4306432,27.55796752,-0.045877653,-0.082918345,0.021071186,0.051529204,0.059752035,0.114799192,-0.044168513,0.007761732,0.033615608,-0.008599441,0.025693295,-0.010865849,-0.007968283,61
Tmax High Mountain Monsoon,13.6316916,13.44223596,13.29978815,12.81740622,13.33852023,13.96619323,13.96066374,13.42829294,13.64804026,13.67766311,14.30771091,14.16334068,13.09272986,13.55505181,13.14574299,13.83920046,13.13382412,13.34577702,13.66857556,13.02299455,13.1679348,13.06011688,12.33621174,12.31187484,12.43207411,11.96675512,12.23687918,12.15869556,12.38137145,12.21082834,12.60550824,12.05103466,13.12540627,12.30299964,12.4542373,12.79278987,12.64518249,12.34488448,12.6075166,12.96551837,12.84566157,13.02756478,12.44555226,13.22141913,12.92002136,12.62383272,13.11705273,13.47638643,12.87628619,12.93439113,13.52787572,13.32425444,13.03161603,12.74932667,12.64971712,13.22249362,13.10523775,13.29349898,12.58883477,12.77202602,13.14156343,0.039723292,-0.08685329,-0.090564019,0.027866406,0.02596666,-0.054549457,-0.074281423,0.014151247,0.03986216,-0.017302808,0.017598872,-0.040263117,-0.011086752,61
Tmax High Mountain Postmonsoon,10.05332788,8.839850659,9.674196917,8.891625873,8.777494862,7.73123457,9.475725179,9.054610145,9.339593151,9.625168142,10.28143537,9.681922882,9.75719849,9.3174282,9.673493526,8.838730167,8.58627469,8.718270394,9.390492833,9.074407376,8.744977403,9.326927573,9.408901732,8.445880688,8.398379078,8.792059261,9.381418365,9.06896892,9.298818074,8.865487086,8.716143867,8.941503768,9.147932622,9.345522188,9.29699102,8.675245565,10.35686375,9.508422628,9.79100738,9.709228787,9.892021196,9.366192987,8.693256576,9.440968727,9.323393347,9.779693887,10.15798045,9.811681643,9.546976076,9.762056309,9.943677752,9.573115321,8.959596672,9.379075668,9.461451394,9.992653081,9.357991791,9.495744496,10.60732635,9.744055911,10.21424231,-0.016649312,-0.128037131,0.014475453,0.115751629,0.050274295,0.05207012,0.007682386,0.020715446,0.032251401,0.020402312,0.031777315,0.030716119,0.011392491,61
Tmax High Mountain Premonsoon,10.7446648,9.855870325,10.79067495,10.03253149,10.97756414,9.418667492,10.48920275,11.11414828,10.67659958,10.27333343,12.14697973,12.76605756,11.96273374,11.25643387,10.40923817,11.11560728,10.33493321,11.56491186,11.6877871,10.65879958,11.14571707,11.09526175,11.49154886,11.51506143,10.75282759,10.33427163,10.95740996,11.07027941,9.958478894,11.49239839,11.8326694,10.41473451,11.4480327,12.15558992,11.80937998,10.78337288,10.7737121,12.34634499,11.42863682,11.48694917,11.00475845,11.08385243,11.18211092,11.46691235,11.42472601,11.24966116,11.76083316,11.75851786,13.13403851,11.6508505,12.51265295,12.14475402,11.89867848,11.05479514,12.11535265,11.20712309,11.29478751,11.5477485,10.53549796,11.34097185,12.31612242,0.01776731,-0.151447011,-0.054758823,0.020034879,0.143968869,-0.143956513,-0.003688804,0.023164412,0.042088643,0.017767399,0.032440904,0.021093172,0.018568087,61
Tmax High Mountain Winter,4.298332994,4.852732677,3.977939107,3.990159479,4.570095713,4.684301592,3.942715853,5.002041095,4.372765556,4.920771639,5.640319884,6.716438885,5.190712368,3.506803361,4.297599046,5.41932194,3.708472898,4.837841304,3.731370994,4.873917834,4.042385049,4.647468504,4.137757371,3.654427045,4.396948915,4.037317156,4.435537121,3.657857236,3.593836049,4.281107526,3.301009117,3.424665118,4.222803983,3.524772448,3.686832636,3.712410215,3.886236457,5.785897561,4.124834431,4.464012788,4.585500643,4.171823423,4.031626353,4.339471659,5.499252206,3.927983905,4.215319864,5.67507546,4.979226082,4.480988735,4.748434017,5.567368625,4.797192538,4.966125131,4.200154174,5.523896496,5.267775319,4.440568843,3.716433194,5.279719359,4.261721738,0.044451896,-0.168671015,-0.034198346,0.147234277,0.066574141,-0.046844882,-0.055067621,0.030588207,0.055205326,-0.006287272,0.023061778,-0.019711199,0.003065302,61
Tmax High Mountain annual,9.682004319,9.247672404,9.435649781,8.932930766,9.415918737,8.950099221,9.46707688,9.649773116,9.509249637,9.624234081,10.59411147,10.83194,10.00084361,9.40892931,9.381518433,9.803214963,8.94087623,9.616700145,9.619556622,9.407529836,9.27525358,9.532443678,9.343604925,8.981811,8.995057424,8.782600793,9.252811157,8.988950282,8.808126116,9.212455335,9.113832656,8.707984514,9.486043893,9.33222105,9.311860233,8.990954632,9.415498701,9.996387414,9.487998809,9.656427278,9.581985464,9.412358405,9.088136528,9.617192968,9.791848232,9.395292916,9.812796553,10.18041535,10.13413172,9.707071669,10.18316011,10.1523731,9.67177093,9.537330652,9.606668835,9.986541573,9.756448091,9.694390205,9.362023069,9.784193285,9.983412473,0.021323297,-0.133752112,-0.041261433,0.077721798,0.071695991,-0.048320183,-0.031338865,0.022154828,0.042351882,0.003644908,0.026219717,-0.002041257,0.005484782,61
Tmax Hill Monsoon,28.48309152,28.14864607,28.15751834,27.55173182,28.22959169,28.54179189,28.35850621,27.83412357,27.93360412,27.71199923,28.69713797,28.49936472,27.09033631,27.4582286,27.11873342,28.23854118,27.43531221,27.66534631,27.93530576,27.22429935,27.22337762,27.44179644,26.66114195,26.80828296,26.88336509,25.98753346,26.38992214,26.10556469,26.5379301,26.38360083,26.83718233,26.21084031,27.4680939,26.51591436,26.58879864,27.18142962,27.06929596,26.61492486,26.88045855,27.25158836,26.98184243,27.13386093,26.60823716,27.5869047,27.36955513,26.9532037,27.25239144,27.82312731,27.26799437,27.32410557,27.77825828,27.46095768,27.57755176,27.22522193,26.9222269,27.68428561,27.53798476,27.87455826,27.25785292,27.26922455,27.5324123,-0.044421665,-0.080471828,-0.114023369,0.038811591,0.052568859,-0.01707671,-0.083082247,0.018584914,0.048525203,-0.01734571,0.020460655,-0.041751111,-0.012254508,61
Tmax Hill Postmonsoon,24.86554814,23.51168843,24.57267995,23.65339827,24.10623129,22.71236256,24.21841647,23.52575908,24.02263077,23.77618679,24.63107619,24.42391989,23.95643588,23.51020793,23.88725794,23.4262509,22.83118046,23.16059298,24.12931595,23.45060028,22.73396776,23.78934701,23.8331842,22.66093664,22.73035544,23.00676078,23.74319912,23.18243088,23.48559362,22.95248158,22.68593076,22.86454155,23.21465925,23.56048034,23.62341379,22.70281438,24.9538629,23.92475878,24.23104261,23.94429422,24.17112324,23.41908623,22.69258733,23.53687059,23.48947573,24.02400343,24.53894732,24.01241099,23.77303823,23.67052686,23.96607992,23.4057296,23.13961559,23.44159287,23.65687101,24.61992811,23.76072649,23.93988454,25.39564958,23.94938799,24.4213706,-0.067642874,-0.116144332,0.000665314,0.167883785,0.049164683,0.119400092,-0.022083424,0.017163904,0.036132915,0.012241775,0.030382546,0.022502519,0.003141786,61
Tmax Hill Premonsoon,25.46916051,24.5956238,25.83978103,25.08015777,26.23313528,24.34968796,25.53978278,25.918843,25.64027292,24.48218509,26.74940947,27.51176725,25.94335217,26.52644692,25.19412006,25.78358898,25.02820698,26.30177446,26.03118597,24.68467986,25.25284471,24.84728585,25.88719139,25.92569034,24.79391486,24.32738461,24.81893666,25.03654731,23.54927135,25.3944589,26.02615702,24.15085553,25.58591541,26.56136494,26.09813877,24.49586407,24.59508097,26.93899795,25.483439,25.72280574,24.98563829,25.24423916,25.4598072,25.63372249,25.59013156,25.43106336,25.90396272,25.90949277,27.78703803,25.81502963,26.7705143,26.25027523,26.54040703,25.08491021,26.64920281,25.25811018,25.41847671,25.70690687,24.60725209,25.6048058,26.786778,-0.010178772,-0.18824106,-0.096070215,0.035528539,0.170692087,-0.160911712,-0.046226468,0.029741832,0.062069513,0.005054074,0.041621737,0.003041443,0.007074981,61
Tmax Hill Winter,18.82748847,19.52688303,18.89050993,18.99042183,18.97421629,19.76559603,18.46617876,19.50880404,18.65943595,19.34230453,19.63762179,21.49596876,19.47435017,17.30684966,18.5600621,19.77455932,18.53638944,19.32340747,17.96369018,19.31827388,18.42648963,18.23025576,18.47522824,17.99038271,18.79226907,18.54745809,18.8240797,17.80043188,17.82237836,18.56367515,17.17623792,17.39854463,18.40021871,17.44554513,17.7573977,17.74382418,18.02901626,20.55487517,18.42807533,19.14864422,18.97132498,18.32467005,18.33149207,18.62391436,20.2914761,18.01618705,18.58022307,20.3331899,19.56184298,18.82116938,18.9187129,19.7142832,18.77429397,19.34267274,18.31904802,20.03050274,19.87195084,18.89209249,17.9561237,19.98944562,18.16016948,0.005280825,-0.142131383,-0.016594994,0.227081781,0.090369311,0.007380361,-0.078021259,0.035154664,0.074175798,-0.009532591,0.032131908,-0.030843016,-0.000761042,61
Tmax Hill annual,24.41132216,23.94571033,24.36512231,23.81892742,24.38579364,23.84235961,24.14572106,24.19688242,24.06398594,23.82816891,24.92881135,25.48275516,24.11611863,23.70043328,23.69004338,24.3057351,23.45777227,24.1127803,24.01487446,23.66946335,23.40916993,23.57717127,23.71418645,23.34632316,23.29997611,22.96728423,23.4440344,23.03124369,22.84879336,23.32355411,23.18137701,22.65619551,23.66722181,23.52082619,23.51693723,23.03098306,23.66181402,24.50838919,23.75575387,24.01683314,23.77748224,23.53046409,23.27303094,23.84535303,24.18515963,23.60611439,24.06888114,24.51955524,24.5974784,23.90770786,24.35839135,24.20781143,24.00796709,23.77359944,23.88683718,24.39820666,24.1472847,24.10336054,23.80421957,24.20321599,24.2251826,-0.029240622,-0.131747151,-0.056505816,0.117326424,0.090698735,-0.012801992,-0.057353349,0.025161328,0.055225857,-0.002395613,0.031149211,-0.011762541,-0.000699696,61
Tmax Koshi Basin Monsoon,27.65801944,27.37546508,27.33018069,26.76856003,27.39032138,27.81542764,27.69575995,27.1685184,27.31104179,27.17934999,28.03740354,27.85874296,26.57083242,26.97252059,26.60803948,27.57525872,26.80705068,27.03061362,27.3194839,25.9570139,25.83110387,25.98870889,25.16441851,25.27443304,25.50160541,25.05102604,25.37335736,25.41249267,25.86706885,25.40173757,26.23390686,25.38200973,26.68772183,25.52886649,25.88727852,26.20893941,26.00223846,25.68597337,26.16741608,26.40876202,26.07526136,26.57545757,25.65394907,26.51628737,26.07178615,25.844753,26.54095859,26.97189808,26.19985821,26.31468242,27.48702956,26.84355777,25.57965955,25.6119589,26.15463225,26.69611656,26.71524769,26.48211405,25.55209774,25.74573469,26.38910932,-0.014306628,-0.119567302,-0.021995227,0.023058033,0.03613527,-0.099080308,-0.077240129,0.022384187,0.039636154,-0.014599873,0.033649795,-0.035202087,-0.020126656,61
Tmax Koshi Basin Postmonsoon,24.05449826,22.7508807,23.73075707,22.86040341,23.11032299,21.84086149,23.43225064,22.83677683,23.25781468,23.20177748,23.98558105,23.63800254,23.36476934,22.92085256,23.29039226,22.6956198,22.22316945,22.48192752,23.34453452,22.33841346,21.6402566,22.56560355,22.38653063,21.61999219,21.51963661,22.12593044,22.99725928,22.65779832,22.89838711,22.33342081,22.17638335,22.37572599,22.74466258,23.03799853,23.00469924,22.32425228,24.08163446,23.24116494,23.44554677,23.2390133,23.52895847,22.87979549,22.17246632,23.01346375,22.86022849,23.43979031,23.92160793,23.62273572,23.11099276,23.63312123,24.09873307,23.71064317,22.06361294,22.85954354,23.00528826,23.45807984,22.62586534,22.73054995,23.81619127,23.09501172,23.73160945,-0.049392547,-0.145338275,0.088863009,0.133244774,0.07946174,-0.03156493,0.001513341,0.029816578,0.036409236,0.025454605,0.050563567,0.039849899,0.005407534,61
Tmax Koshi Basin Premonsoon,24.68950678,23.8105094,24.94395096,24.18485731,25.26341245,23.49612011,24.64342519,25.11048647,24.77501878,23.88707765,26.01344251,26.72452115,25.4299282,25.55155541,24.39285444,25.02416132,24.25972742,25.51769469,25.3879248,24.15505692,24.36814884,23.71463104,24.65553267,24.68066786,23.78845286,23.46289822,23.92020693,24.45021653,23.09000131,24.91171178,25.50724656,23.7249359,25.02793946,25.93361345,25.41633669,24.07352966,24.22338041,26.07429947,24.94346507,25.23677368,24.46399348,24.66647707,24.55397421,24.90032876,24.86340139,24.61663789,25.17529938,25.43419202,26.86997877,25.07969829,26.54846802,25.79732515,25.25664182,23.96848918,25.64096301,24.6135973,24.69951552,24.81567792,23.38037666,24.46298823,25.50049637,-0.000177016,-0.175072663,-0.018871878,0.029416619,0.157242986,-0.222588266,-0.026609989,0.031335244,0.05335074,0.015840088,0.050056481,0.019768797,0.006847861,61
Tmax Koshi Basin Winter,18.11774598,18.76524764,18.04354511,18.11207267,18.30922314,18.85824592,17.75847362,18.80707572,18.0364776,18.6710796,19.1182269,20.69661859,18.85247717,16.85805151,17.94576743,19.1270612,17.71972194,18.62926537,17.36018384,18.63888067,17.38066498,17.21614477,17.34014401,16.69339102,17.63272402,17.33382097,18.10150055,16.94920387,16.82559354,18.0601459,16.64170107,16.88753249,17.8323491,17.03736568,17.1887542,17.20695466,17.38679071,19.67690291,17.82183745,18.38516212,18.20837214,17.77301837,17.70824293,17.96173916,19.47897374,17.36249739,17.72421709,19.61318211,18.66380086,17.94194698,18.49637967,19.80792206,18.89572296,18.48884651,17.90604236,19.39928,18.96233599,17.89012998,16.8517866,18.81031273,17.98567826,0.019299945,-0.151629777,0.032437543,0.197094114,0.063838208,-0.121101876,-0.0687558,0.04629452,0.068982266,-0.000557371,0.043114711,-0.01719261,0.001355168,61
Tmax Koshi Basin annual,23.62994262,23.17552571,23.51210846,22.98147336,23.51831999,23.00266379,23.38247735,23.48071435,23.34508821,23.23482118,24.2886635,24.72947131,23.55450178,23.07574502,23.0592634,23.60552526,22.75241737,23.4148753,23.35303176,22.77234124,22.30504357,22.37127206,22.38665645,22.06712103,22.11060472,21.99341892,22.59808103,22.36742785,22.1702627,22.67675401,22.63980946,22.09255103,23.07316824,22.88446104,22.87426716,22.453419,22.92351101,23.66958517,23.09456634,23.31742778,23.06914636,22.97368712,22.52215813,23.09795476,23.31859744,22.81591965,23.34052075,23.91050198,23.71115765,23.24236223,24.15765258,24.03986204,22.94890932,22.73220953,23.17673147,23.54176842,23.25074113,22.97961797,22.40011307,23.02851184,23.40172335,-0.011144061,-0.147902004,0.020108361,0.095703385,0.084169551,-0.118583845,-0.042773144,0.032457632,0.049594599,0.006534362,0.044346139,0.001806,-0.001629023,61
Tmax Middle Mountain Monsoon,21.7646047,21.46831446,21.43736565,20.86405403,21.50066499,21.89588435,21.75937661,21.23289182,21.36402153,21.2085292,22.10022295,21.91650313,20.59653198,20.98927419,20.63140699,21.63901731,20.86153903,21.08681492,21.37067939,20.5235086,20.5207008,20.38393213,19.30848854,19.55811881,19.74191532,19.39474253,19.75488824,19.58153803,19.98082597,19.75286645,20.28178125,19.6172437,20.85225931,19.87670307,20.0287261,20.51357689,20.3735009,19.97853082,20.29260718,20.63185374,20.37487067,20.61145405,19.98560398,20.9009602,20.61670376,20.265227,22.11474195,22.32173922,21.13031225,20.8942267,22.48202826,23.30368852,20.9268349,20.54508197,20.3063376,21.92745314,22.0483664,20.45327869,19.11272607,20.06557377,22.43144035,-0.022278255,-0.090517429,-0.049235571,0.033241203,0.14107125,-0.286797817,-0.076843798,0.049208929,0.074784962,-0.012299155,0.04933763,-0.034257537,-0.003779774,61
Tmax Middle Mountain Postmonsoon,18.15737176,16.8404548,17.84180283,16.95849764,17.2621296,15.95973677,17.52853718,16.90733831,17.34844982,17.24201083,18.04463124,17.73422331,17.40957078,16.96504221,17.33656994,16.77720597,16.27229736,16.54975809,17.4404546,16.75326138,16.11122834,16.97720736,16.9285344,15.84067811,15.27661082,16.39136497,17.13171856,16.66639631,16.94200795,16.41979832,16.19944737,16.39126978,16.71953925,17.02648072,17.0472768,16.23559457,18.27091341,17.3175286,17.59634397,17.36509348,17.59826042,16.91073274,16.19832924,17.02430734,16.94009774,17.47063735,18.77005095,18.46178274,17.84302414,19.21943115,20.22985039,20.99672131,17.6204918,18.16721311,16.85362378,17.0785487,17.50804379,17.6442623,18.19618712,18.31885246,19.67131148,-0.054223516,-0.124941646,0.037623751,0.150532708,0.231524936,-0.23294819,-0.011140486,0.056575202,0.059079486,0.019226907,0.054550841,0.030896553,0.02332402,61
Tmax Middle Mountain Premonsoon,18.78406953,17.90651762,19.06926627,18.31003243,19.40828761,17.61024836,18.76888014,19.21264702,18.89224047,17.93278992,20.09644112,20.82109365,19.45401837,19.69779875,18.49313799,19.11337011,18.35133231,19.61342904,19.44638364,18.18343505,18.65612926,17.25823152,19.03897437,18.86752649,17.56500143,17.75599216,18.26368641,18.53325297,17.14312271,18.92638037,19.4968728,17.72586316,19.05786265,19.96874641,19.5145117,18.07598285,18.16691151,20.25855003,18.97458317,19.19329044,18.49438859,18.70759792,18.82727538,19.06054252,19.01872142,18.83681399,20.30980329,19.57612083,21.8586565,19.80376175,21.26226047,21.8875,19.28454921,18.82221457,19.8326087,19.22391304,18.59728261,18.87080058,16.20143384,18.67445652,20.06074115,-0.002824539,-0.178558415,-0.015288717,0.031322437,0.249405276,-0.402696566,-0.028800901,0.049073434,0.075298762,0.015532111,0.06365722,0.01770879,0.012463227,61
Tmax Middle Mountain Winter,12.19380282,12.85504083,12.1559255,12.23276069,12.37343456,12.98661066,11.83399115,12.88101116,12.08956217,12.73694061,13.1438976,14.79639511,12.90527443,10.86503484,11.99655866,13.18664159,11.82408245,12.70119269,11.40811934,12.70690387,11.74279456,11.52162555,12.22039038,11.3924298,12.39314423,11.7090545,12.2130426,11.20487785,11.17811276,12.0216903,10.70126749,10.91098423,11.86272976,10.99101159,11.23916008,11.2399263,11.48092549,13.83935145,11.85898883,12.47447667,12.35160628,11.79533392,11.75915305,12.04553269,13.58660531,11.47541383,12.09552859,14.93361537,13.6401773,12.72025234,14.92704541,18.07460715,17.16413618,16.08166667,13.82731363,14.35207987,14.09248759,11.90554231,10.98985581,14.3876259,14.85098088,0.015589001,-0.149115496,-0.019359648,0.205748674,0.182683794,-0.522325911,-0.072294599,0.100112623,0.091661019,-0.008391562,0.043467967,-0.027555636,0.031113687,61
Tmax Middle Mountain annual,17.7249622,17.26758193,17.62609006,17.0913362,17.63612919,17.11312003,17.47269627,17.55847208,17.42356849,17.28006764,18.34629823,18.8170538,17.59134889,17.1292875,17.11441839,17.67905875,16.82731279,17.48779868,17.41640924,17.04177723,16.75771324,16.53524914,16.87409692,16.4146883,16.24416795,16.31278854,16.84083395,16.49651629,16.31101735,16.78018386,16.66984223,16.16134022,17.12309774,16.96573545,16.95741867,16.51627015,17.07306283,17.84849022,17.18063079,17.41617858,17.20478149,17.00627966,16.69259041,17.25783569,17.54053206,17.01202304,18.32253119,18.82331454,18.61804255,18.15941798,19.72529613,21.06562925,18.74900302,18.40404408,17.70497093,18.14549869,18.0615451,17.21847097,16.12505071,17.86162716,19.25361846,-0.015934327,-0.135783247,-0.011565046,0.105211256,0.201171314,-0.361192121,-0.047269946,0.063742547,0.075206058,0.003517075,0.052753414,-0.003301958,0.01578029,61
Tmax Siwalik Monsoon,37.2183547,36.92206446,36.89111565,36.31780403,36.95441499,37.34963435,37.21312661,36.68664182,36.81777153,36.6622792,37.55397295,37.37025313,36.05028198,36.44302419,36.08515699,37.09276731,36.31528903,36.54056492,36.82442939,33.06300838,32.29505533,32.97622951,32.22786885,32.29180328,32.92786885,33.08360656,33.30245902,34.20737705,35.02664076,33.48077576,35.73553125,33.98593627,35.71284035,33.6442623,34.90815448,34.61557377,34.12196205,34.0852459,35.3361409,35.1352459,34.37131148,36.06520405,33.81699798,34.54344262,33.40819672,33.68852459,34.04098361,34.57084915,33.69508197,34.33455495,36.87704918,33.67786885,32.56557377,33.5204918,35.14575717,34.17868852,34.51065574,34.31229508,33.05409836,32.76899618,32.51721311,-0.022278255,-0.249476532,0.230967325,-0.017870239,-0.087148222,-0.185465701,-0.071982773,0.022825462,-0.011219471,-0.00952978,0.056766142,-0.01999585,-0.055230798,61
Tmax Siwalik Postmonsoon,33.61112176,32.2942048,33.29555283,32.41224764,32.7158796,31.41348677,32.98228718,32.36108831,32.80219982,32.69576083,33.49838124,33.18797331,32.86332078,32.41879221,32.79031994,32.23095597,31.72604736,32.00350809,32.8942046,30.23278689,29.07213115,30.25901639,29.28852459,29.72295082,29.77868852,30.62035221,32.1704918,32.27704918,32.39575795,31.58178876,31.65319737,31.86229508,32.49389251,32.80327869,32.58078778,32.3442623,33.12786885,32.70983607,32.5852459,32.38360656,32.95737705,32.36448274,31.65207924,32.61311475,32.18032787,33.02622951,32.72459016,32.84754098,31.73114754,32.7,33.19667618,31.85245902,30.10327869,32.16229508,32.54024755,32.34008993,30.00163934,29.91803279,30.95081967,30.65081967,30.99344262,-0.054223516,-0.232626619,0.367703146,0.081523038,0.002472102,-0.223227505,0.044409481,0.040909059,0.018066761,0.058564975,0.100044047,0.087067205,-0.013531487,61
Tmax Siwalik Premonsoon,34.23781953,33.36026762,34.52301627,33.76378243,34.86203761,33.06399836,34.22263014,34.66639702,34.34599047,33.38653992,35.55019112,36.27484365,34.90776837,35.15154875,33.94688799,34.56712011,33.80508231,35.06717904,34.90013364,33.63718505,32.70217391,31.72934783,32.27826087,32.48951381,32.24782609,31.71310055,31.86956522,33.65,32.22826087,34.39119085,35.25591078,33.17961316,34.56227387,35.58586957,34.7173913,33.50869565,33.98653598,35.14130435,34.42833317,35.15978261,33.91304348,34.16134792,33.04565217,33.85217391,33.83695652,33.30108696,33.09565217,35.09347826,35.025,33.43478261,36.43019943,33.43152174,34.30108696,32.19139555,34.23804348,33.20326087,33.91413043,33.43586957,32.26630435,32.35652174,32.87717391,-0.002824539,-0.178558415,0.140349504,0.028874803,0.05560553,-0.272801732,-0.020527243,0.031559122,0.030022404,0.030781418,0.069745767,0.046545614,-0.010608449,61
Tmax Siwalik Winter,27.64755282,28.30879083,27.6096755,27.68651069,27.82718456,28.44036066,27.28774115,28.33476116,27.54331217,28.19069061,28.5976476,30.25014511,28.35902443,26.31878484,27.45030866,28.64039159,27.27783245,28.15494269,26.86186934,28.16065387,25.52111111,24.56189368,24.64070895,23.73777778,25.05923362,25.14888889,27.39405074,25.45022454,24.92777778,27.98481622,25.90097336,26.36473423,27.38551329,26.80673763,26.59347049,26.67093632,26.62909984,28.9372889,27.41054985,27.93645025,27.35407252,27.35018055,27.23204011,27.3264944,29.00317978,26.48973832,26.35247942,27.96777778,26.80112556,26.05290516,25.93516484,26.71674812,25.67952067,25.55116969,26.28644613,28.20282952,26.93280838,26.59165626,24.89623204,25.69984406,25.33069477,0.015589001,-0.149115496,0.241458102,0.199657163,-0.104913268,-0.025694074,-0.066629412,0.033293708,0.053361406,0.028392015,0.083476969,0.017943439,-0.025667708,61
Tmax Siwalik annual,33.1787122,32.72133193,33.07984006,32.5450862,33.08987919,32.56687003,32.92644627,33.01222208,32.87731849,32.73381764,33.80004823,34.2708038,33.04509889,32.5830375,32.56816839,33.13280875,32.28106279,32.94154868,32.87015924,31.27340855,29.89761787,29.88162185,29.60884082,29.56051142,30.00340427,30.14148705,31.18414169,31.39616269,31.14460934,31.8596429,32.13640319,31.34814469,32.53863,32.21003705,32.19995101,31.78486701,31.96636668,32.7184188,32.44006745,32.65377133,32.14895113,32.48530381,31.43669237,32.08380642,32.10716522,31.62639484,31.55342634,32.61991154,31.81308877,31.63056068,33.10977241,31.41964943,30.66236502,30.85633803,32.05262358,31.98121721,31.33980847,31.06446342,30.29186361,30.36904541,30.42963111,-0.015934327,-0.202444266,0.245119519,0.073046191,-0.033495965,-0.176797253,-0.028682487,0.032146838,0.022557775,0.027052157,0.077508231,0.032890102,-0.02625961,61
Tmax Tarai Monsoon,37.1923547,36.89606446,36.86511565,36.29180403,36.92841499,37.32363435,37.18712661,36.66064182,36.79177153,36.6362792,37.52797295,37.34425313,36.02428198,36.41702419,36.05915699,37.06676731,36.28928903,36.51456492,36.79842939,35.9512586,35.9484508,36.08146947,35.28838145,35.4020853,35.52280369,34.82249253,35.18263824,35.00928803,35.40857597,35.18061645,35.70953125,35.0449937,36.28000931,35.30445307,35.4564761,35.94132689,35.8012509,35.40628082,35.72035718,36.05960374,35.80262067,36.03920405,35.41335398,36.3287102,36.04445376,35.692977,36.17962324,36.66738827,36.0296163,36.08613373,36.76993637,36.45101934,33.79672131,34.01967213,35.74912248,36.46766188,36.37399381,36.47693923,35.74697656,35.85285295,36.32291742,-0.022278255,-0.090517429,-0.087120503,0.033241203,0.048217801,0.048488144,-0.080010406,0.007150382,0.046227914,-0.016521912,0.024085679,-0.039742821,-0.018281449,61
Tmax Tarai Postmonsoon,33.58512176,32.2682048,33.26955283,32.38624764,32.6898796,31.38748677,32.95628718,32.33508831,32.77619982,32.66976083,33.47238124,33.16197331,32.83732078,32.39279221,32.76431994,32.20495597,31.70004736,31.97750809,32.8682046,32.18101138,31.53897834,32.47551942,32.47350822,31.4295147,31.41414917,31.81911497,32.55946856,32.09414631,32.36975795,31.84754832,31.62719737,31.81901978,32.14728925,32.45423072,32.4750268,31.66334457,33.69866341,32.7452786,33.02409397,32.79284348,33.02601042,32.33848274,31.62607924,32.45205734,32.36784774,32.89838735,33.41647076,32.98026221,32.66077779,32.81359181,33.15738112,32.72519058,30.49508197,31.14754098,32.51424755,33.25917938,32.5009253,32.65482561,33.93097363,32.81194254,33.35768025,-0.054223516,-0.124941646,0.023847378,0.150532708,0.063872683,0.126880832,-0.01130125,0.013719281,0.036515616,0.016837054,0.036063088,0.028067098,0.002710858,61
Tmax Tarai Premonsoon,34.21181953,33.33426762,34.49701627,33.73778243,34.83603761,33.03799836,34.19663014,34.64039702,34.31999047,33.36053992,35.52419112,36.24884365,34.88176837,35.12554875,33.92088799,34.54112011,33.77908231,35.04117904,34.87413364,33.61118505,34.08387926,33.64302825,34.58168788,34.60554721,33.58269431,33.18374216,33.69143641,33.96100297,32.57087271,34.35413037,34.9246228,33.15361316,34.48561265,35.39649641,34.9422617,33.50373285,33.59466151,35.68630003,34.40233317,34.62104044,33.92213859,34.13534792,34.25502538,34.48829252,34.44647142,34.26456399,34.80624557,34.83335036,36.54516082,34.69406697,35.76671297,35.27257478,34.25848744,32.68913043,35.36960743,34.17557931,34.27290032,34.51706406,33.29139505,34.33818524,35.46166638,-0.002824539,-0.178558415,-0.068591139,0.031322437,0.166543166,-0.132574806,-0.033806528,0.023137423,0.057274378,0.010065439,0.042816775,0.010454966,0.006741458,61
Tmax Tarai Winter,27.62155282,28.28279083,27.5836755,27.66051069,27.80118456,28.41436066,27.26174115,28.30876116,27.51731217,28.16469061,28.5716476,30.22414511,28.33302443,26.29278484,27.42430866,28.61439159,27.25183245,28.12894269,26.83586934,28.13465387,27.17054456,27.11948036,27.22663509,26.69193775,27.52202426,27.22638622,27.6407926,26.63262785,26.60586276,27.4494403,26.12901749,26.33873423,27.29047976,26.41876159,26.66691008,26.6676763,26.90867549,29.26710145,27.28673883,27.90222667,27.77935628,27.22308392,27.18690305,27.47328269,29.01435531,26.90316383,27.3775345,29.15625202,28.33663238,27.63441931,27.9525412,28.9666032,28.06347142,26.50259833,26.89724982,28.88709137,28.64665782,27.62079,26.70028825,28.6949287,27.32482445,0.015589001,-0.149115496,-0.009117401,0.205748674,0.084477063,-0.018024874,-0.071766107,0.032323399,0.070507784,-0.006967443,0.033434932,-0.025796639,-0.000974397,61
Tmax Tarai annual,33.1527122,32.69533193,33.05384006,32.5190862,33.06387919,32.54087003,32.90044627,32.98622208,32.85131849,32.70781764,33.77404823,34.2448038,33.01909889,32.5570375,32.54216839,33.10680875,32.25506279,32.91554868,32.84415924,32.46952723,32.18546324,32.32987437,32.39255316,32.03227124,32.01041786,31.76293397,32.26858395,31.92426629,31.73876735,32.20793386,32.09759223,31.58909022,32.55084774,32.39348545,32.38516867,31.94402015,32.50081283,33.27624022,32.60838079,32.84392858,32.63253149,32.43402966,32.12034041,32.68558569,32.96828206,32.43977304,32.94496852,33.40931322,33.39304682,32.80705295,33.41164291,33.35384697,31.65344053,31.08973547,32.63255682,33.19737799,32.94861931,32.81740473,32.41740837,32.92447736,33.11677212,-0.015934327,-0.135783247,-0.035245417,0.105211256,0.090777678,0.006192324,-0.049221073,0.019082621,0.052631423,0.000853285,0.034100118,-0.006754349,-0.002450882,61
Tmin High Mountain Monsoon,4.257545395,4.052002847,4.52084872,3.602295592,3.422725723,3.922789511,4.234790189,4.64243245,4.019857968,4.144179583,4.06521232,4.03074264,3.664876418,4.32357918,4.637704444,4.817325604,4.803550729,4.329218543,3.850552392,3.671360984,4.083666967,3.725950575,3.054507283,3.545062602,3.416255514,3.314774593,3.062064461,2.600052073,3.945480391,3.299672482,3.304388912,3.372528998,3.481464139,3.50530091,3.325293813,3.015809478,3.591744728,3.579526685,3.7294395,2.498423712,3.185659867,3.124102175,3.25652537,3.363104184,3.320053651,3.6069171,2.956503368,3.116094374,3.179622835,2.92634711,2.996181253,2.707058975,3.30037373,3.401958547,3.282760736,3.653197346,3.574403023,3.69410314,3.994579102,3.906557326,3.921558703,0.010667635,0.000819713,-0.05661814,-0.026152445,-0.021698571,0.121590561,-0.076515067,-0.009400981,-0.00385537,-0.040756513,-0.012392014,-0.040131724,-0.015960427,61
Tmin High Mountain Postmonsoon,-3.492888282,-3.054073784,-2.42287243,-3.249205114,-5.603420353,-5.39373882,-3.875785399,-2.956406375,-4.598527858,-3.63038857,-4.186095935,-3.911920004,-2.988610893,-3.741498005,-3.181509126,-2.717008346,-3.431251668,-3.182120084,-3.815087446,-4.989642057,-5.618929701,-4.50655026,-4.836415541,-4.68525073,-4.318153447,-3.682471104,-4.21308917,-4.356498669,-4.136183934,-4.107432766,-4.09605663,-3.531383286,-4.954346097,-3.942172133,-4.212736352,-5.360824672,-2.723021292,-4.058965211,-3.831109181,-4.175585374,-3.888582168,-3.439907615,-4.891378982,-4.349534744,-4.235917425,-3.413638401,-4.292603775,-4.10316818,-3.572817993,-4.176895459,-5.124559832,-4.72741801,-4.028203338,-3.669630021,-4.085660476,-3.641162944,-4.45326747,-2.813982866,-3.07619304,-2.891983432,-3.626429652,-0.099311577,-0.037129657,0.12513811,0.025287446,0.008538992,0.217069394,-0.03386926,0.011965516,0.012242764,-0.009844744,0.029125673,-0.005398511,-0.001110213,61
Tmin High Mountain Premonsoon,-2.5988718,-2.914150404,-2.234538051,-2.831335123,-2.185854603,-4.818096291,-2.294921378,-1.789018614,-2.131137041,-2.958800504,-2.355756698,-3.459688456,-2.977622719,-4.227015628,-1.697239653,-2.664036522,-2.358007318,-1.852866026,-2.148851428,-2.694869179,-3.781821989,-2.696004484,-2.42211483,-2.627436245,-3.785514456,-3.545885888,-2.819453839,-3.175720715,-3.746137742,-2.805050482,-2.566694554,-3.498338101,-2.871302983,-2.571953935,-2.612833032,-3.681758834,-2.882234074,-2.066304597,-2.838122659,-3.34420391,-3.13117048,-2.967093747,-2.296916071,-3.176170424,-2.991327238,-2.594698596,-2.881789105,-2.666415565,-1.480569949,-3.038236404,-3.127395512,-2.743296638,-2.624782305,-2.40882853,-2.379968002,-2.481078322,-2.728484078,-2.758587964,-2.906379938,-2.275569245,-1.095953551,0.02088686,0.099320354,-0.016148139,-0.002126366,0.064693021,0.02906514,-0.049011144,0.012134761,0.028358586,-0.017854424,0.019685006,-0.014687226,0.003989971,61
Tmin High Mountain Winter,-7.278599135,-7.259399155,-7.217829309,-7.065610996,-7.194277211,-8.811227781,-7.548527009,-7.024926323,-7.705568265,-8.049986823,-7.668516995,-7.839551268,-8.584846715,-9.684366319,-8.363873375,-7.525572493,-9.214790969,-7.804728691,-8.069007731,-6.114994759,-9.587700337,-10.69792539,-9.375173862,-8.976741056,-9.032052121,-8.291895848,-7.933590589,-9.047171992,-8.835577964,-8.350321706,-9.170750009,-8.39475328,-8.692318795,-9.448475311,-8.670085616,-9.561990759,-8.914674735,-8.296575308,-9.142090631,-9.147325094,-8.81371935,-8.735088062,-8.762851491,-8.57204836,-8.250970835,-8.85080966,-9.305344808,-7.908086296,-8.289527252,-9.341046378,-9.485502204,-9.298905689,-8.941513369,-8.42188309,-8.71807413,-8.028758094,-8.481389339,-8.799675574,-8.863663157,-7.969985267,-8.298397207,-0.073738525,0.112261345,0.179893677,-0.014135292,-0.000926787,0.108523251,-0.033098252,-5.71642E-05,0.007203885,-0.020003758,0.006069922,-0.030735692,-0.018550181,61
Tmin High Mountain annual,-2.278203456,-2.293905124,-1.838597767,-2.38596391,-2.890206611,-3.775068345,-2.371110899,-1.781979716,-2.603843799,-2.623749079,-2.536289327,-2.795104272,-2.721550977,-3.332325193,-2.151229428,-2.022322939,-2.550124807,-2.127624064,-2.545598553,-2.532036253,-3.726196265,-3.543632389,-3.394799238,-3.186091357,-3.429866127,-3.051369562,-2.976017284,-3.494834826,-3.193104812,-2.990783118,-3.13227807,-3.012986417,-3.259125934,-3.114325117,-3.042590297,-3.897191197,-2.732046343,-2.710579608,-3.020470743,-3.542172666,-3.161953033,-3.004496812,-3.173655294,-3.183662336,-3.039540462,-2.813057389,-3.38080858,-2.890393917,-2.54082309,-3.407457783,-3.685319074,-3.515640341,-3.073531321,-2.774595773,-2.975235468,-2.624450503,-3.022184466,-2.669535816,-2.712914258,-2.307745155,-2.274805427,-0.035373902,0.043817939,0.058066377,-0.004281664,0.012651664,0.119062086,-0.048123431,0.003660533,0.010987466,-0.02211486,0.010622147,-0.022738288,-0.007907713,61
Tmin Hill Monsoon,20.10242849,19.71910877,20.05295689,19.3039179,19.29741616,19.61249579,19.97246973,19.67867829,19.72044917,19.45188693,19.64880409,19.75068543,19.38295951,19.71936141,19.7960286,20.29465326,20.07460609,19.5270625,19.69169737,19.32039903,19.27992919,19.2585899,18.80875195,19.10664229,18.89402628,19.07847337,18.95371296,18.17247464,19.31882264,18.91604394,18.74613121,18.85640567,19.08955486,19.3348122,18.83761245,18.61858228,19.49103659,18.91985848,19.12552115,18.15470849,18.60514236,19.05049722,18.68872569,18.90293143,18.81402629,19.09410331,18.72400467,19.01512498,19.14337512,18.67129238,19.05827389,18.64285293,19.23927722,19.21957744,18.82785232,19.13748577,19.38872288,19.36390286,19.68202037,19.51332958,19.53805621,-0.032703934,-0.006567808,-0.038236761,-0.024471728,0.015883567,0.077635584,-0.068254055,-0.003631244,0.002180081,-0.034535246,-0.007352791,-0.034999865,-0.012848865,61
Tmin Hill Postmonsoon,12.79286533,12.90866677,13.77091116,12.60941336,11.30938466,10.45943725,12.13114579,12.30626839,11.80135965,12.28788281,12.26104197,11.94257015,13.2068032,12.60291909,13.10673287,13.07668534,12.63580898,12.75763489,11.49387238,11.14745922,10.97564103,11.69235503,11.05291075,11.40628701,11.79379643,12.74312116,12.19586823,11.81955833,12.07310739,11.77496999,12.00892051,12.54114,10.97777323,12.39041408,12.14041062,10.44381308,13.91237847,12.33879338,12.55596358,11.84047525,11.60034938,12.53628833,10.97502355,11.6096923,11.5252007,13.05415802,12.3568184,12.23575309,13.0780239,11.99382256,10.82213115,11.61317262,12.38769799,12.68354595,11.8343186,12.58727891,11.49192037,13.24765808,13.1795082,13.37107728,12.46124122,-0.132751251,-0.092971809,0.103094142,0.050073662,0.105499339,0.214440899,-0.022217536,0.015322981,0.017850111,-0.009696312,0.030173796,0.011492664,0.00103925,61
Tmin Hill Premonsoon,13.73641804,13.3137899,14.0101586,13.43754845,13.62789773,11.98239529,13.80259031,13.88965778,13.69773443,12.99805294,14.0375788,13.10394216,13.59749583,12.8199166,13.93454342,13.29861406,13.07272798,13.48602295,13.45654409,13.03174758,12.11319635,11.89686418,13.90562981,13.5438909,11.90250949,12.51063814,13.43084358,13.13735931,12.37289925,13.35824221,13.58700597,12.35414015,13.28958857,13.78070387,13.71396803,12.20499125,13.24904376,14.40113423,13.07201734,12.65299685,13.05828778,13.05288797,14.15355379,12.9337129,13.11720894,13.5881678,13.33139344,13.58487808,15.34282319,13.21065369,13.06532734,13.7322161,13.73132357,13.87345868,13.95952427,13.83127458,13.34632437,13.42138563,13.08296816,13.70390098,15.28651568,-0.030973062,-0.042540165,0.066456318,-0.005619216,0.098311889,-0.012466153,-0.007861451,0.027362623,0.035891482,0.005753808,0.038830031,0.016107408,0.00738421,61
Tmin Hill Winter,7.997792989,8.349690745,8.254919486,8.450816377,7.939294493,6.904225686,7.162613944,7.452849672,7.197018561,6.865969764,7.568504055,8.193773528,6.8684482,6.212092928,7.253199207,7.554818298,6.351526981,6.721451369,6.718463529,7.482575851,5.28948928,4.516904467,5.549940805,6.181629255,5.979708716,7.092607178,7.654034202,6.174698713,6.576436948,6.708116603,5.787207229,6.582473182,6.510399085,5.394446694,6.452089785,5.318500509,6.184594193,6.999648032,5.652022333,6.068351507,6.219832598,6.141262928,6.117671023,6.419151031,7.001566096,6.228007415,5.850894236,7.694410018,7.052255808,5.808423112,5.627446041,5.725778209,6.010953301,6.938594282,6.595898341,7.193526584,6.630078159,6.233672777,6.14466248,7.016111111,6.297380952,-0.164637209,-0.067367192,0.217201673,-0.001816724,0.048967459,0.098277896,-0.008665614,0.008428904,0.006938098,-0.019998688,0.017168863,-0.021379042,-0.021730054,61
Tmin Hill annual,13.65737621,13.57281405,14.02223654,13.45042402,13.04349826,12.2396385,13.26720495,13.33186353,13.10414045,12.90094811,13.37898223,13.24774282,13.26392669,12.83857251,13.52262602,13.55619274,13.03366751,13.12304293,12.84014434,12.74554542,11.91456396,11.84117839,12.32930833,12.55961237,12.14251023,12.85620996,13.05861474,12.32602275,12.58531656,12.68934318,12.53231623,12.58353975,12.46682893,12.72509421,12.78602022,11.64647178,13.20926325,13.16485853,12.6013811,12.17913302,12.37090303,12.69523411,12.48374351,12.46637192,12.61450051,12.99110914,12.56577769,13.13254154,13.6541195,12.42104793,12.14329461,12.42850496,12.84231302,13.17879409,12.80439838,13.18739146,12.71426144,13.06665484,13.0222898,13.40110474,13.39579851,-0.090266364,-0.052361743,0.087128843,0.004541499,0.067165563,0.094472056,-0.026749664,0.011870816,0.015714943,-0.01461911,0.019704975,-0.007194709,-0.006538865,61
Tmin Koshi Basin Monsoon,18.92179402,18.60209981,18.98426292,18.1745557,18.10611379,18.48739828,18.83020284,18.78745083,18.59145601,18.46350483,18.5616844,18.61476643,18.24770609,18.69945777,18.86110996,19.24556494,19.09934154,18.57799993,18.51240074,17.81030562,17.61365318,17.42547431,17.1490199,17.48765745,17.43222264,17.22400107,16.98948336,16.04039345,18.01664531,17.23726628,17.7097787,17.41186185,17.44375434,17.62239832,17.24101901,17.08126873,17.83764705,17.38796368,17.9419446,16.73837719,17.09313334,17.84069005,17.26768574,17.4375349,17.45894527,17.55086751,17.05031192,17.424285,16.44958128,16.63291526,16.29014016,16.21795733,17.12046379,16.69783179,17.75367411,17.69941033,17.71427404,17.97437124,18.12959257,17.82919686,18.09796896,-0.017181478,-0.025717536,-0.039364613,-0.029242374,-0.085857421,0.209076104,-0.095379296,-0.013661742,-0.000911376,-0.041538461,-0.006079563,-0.047029651,-0.026595958,61
Tmin Koshi Basin Postmonsoon,11.45444561,11.68585173,12.46540703,11.42386307,9.746546551,9.275834759,10.89251516,11.33400321,10.42209201,11.08098305,10.86486367,10.75849736,11.90071552,11.24350402,11.76742258,11.91437128,11.37565833,11.54304627,10.50504202,9.293100759,9.280071244,9.84756279,9.260980857,9.729440048,10.21923011,11.27707142,10.21540131,10.3145366,10.76205312,10.57417953,10.73519974,10.8164632,9.734443838,10.59923876,10.25019898,8.848323695,12.11605151,10.53653765,10.76575911,10.29806382,10.83729781,11.30865768,9.786687379,9.984349095,10.22420619,11.14996974,9.605611838,10.29490371,10.52810615,10.35931419,8.58090563,9.297851282,9.95632516,10.62163565,10.9207698,11.1580705,10.08729331,11.95511771,11.82714145,12.11114776,11.11530083,-0.120783368,-0.104030231,0.156557035,0.017393213,-0.045061089,0.352154223,-0.027192056,0.006734292,-0.004662537,-0.011340976,0.022940914,-0.004211694,-0.007197466,61
Tmin Koshi Basin Premonsoon,12.38026957,11.99606127,12.68643296,12.10516643,12.45840479,10.45975357,12.53154139,12.76850781,12.52283043,11.77734486,12.66065609,11.66607173,12.15551393,11.20907507,12.83017632,12.07583122,12.04031482,12.4864811,12.36162095,11.89344,10.40529069,10.08594787,12.3280192,11.82454272,10.35922014,10.64155005,11.38960224,10.44406712,9.952153363,11.59712899,12.00169935,11.17078741,11.53688901,11.83361124,11.80748822,10.56497989,11.47682476,12.44667783,11.86802776,10.86000644,11.32865177,11.80958662,12.29596013,11.37181237,11.51677821,12.0531314,11.64535033,11.74132073,13.00054818,11.1015001,10.88613624,11.22807321,11.51817874,11.84899404,12.25864169,11.95157439,11.95033813,11.74101858,11.60607445,12.46721898,13.93399498,-0.012412668,0.008230968,-0.003953145,-0.019142287,0.029552339,0.109011621,-0.055854599,0.019322737,0.050035019,-0.009687158,0.038636214,-0.008144414,-0.002647373,61
Tmin Koshi Basin Winter,7.020618439,7.253445412,7.207469917,7.387734475,7.01323462,5.769913393,6.387739814,6.761495632,6.35362696,6.017793196,6.605420206,6.945696759,5.827961072,5.012999619,6.154096915,6.647791594,5.270589504,6.012773769,5.916271183,7.106242686,3.354656976,2.634953308,3.510226913,3.882377052,4.216641116,4.660557064,5.022097592,3.627400281,3.604028568,5.520455873,4.034210848,5.712368448,4.520485922,3.775382135,4.666633346,3.408561905,4.277592792,4.983559574,4.458851856,3.983090084,4.510082731,5.35350876,5.095947384,5.299760452,5.158517142,4.616546217,3.669636585,5.356864902,5.009940695,3.456784434,3.235160851,3.739112672,4.388995087,4.572342238,4.374698355,5.7256295,5.007697186,4.525001329,4.475766666,5.946177859,5.804053947,-0.132105048,-0.003079084,0.186210069,-0.040428935,-0.097044946,0.19935005,-0.075854021,0.003271534,0.025657202,-0.028651657,0.023903771,-0.051965083,-0.036477838,61
Tmin Koshi Basin annual,12.44428191,12.38436455,12.83589321,12.27282992,11.83107494,10.998225,12.1604998,12.41286437,11.97250135,11.83490648,12.17315609,11.99625807,12.03297415,11.54125912,12.40320144,12.47088976,11.94647605,12.15507527,11.82383373,11.52577227,10.16341802,9.998484568,10.56206172,10.73100432,10.5568285,10.9507949,10.90414613,10.10659936,10.58372009,11.23225767,11.12022216,11.27787023,10.80889328,10.95765762,10.99133489,9.975783556,11.42702903,11.33868469,11.25864583,10.46988438,10.94229141,11.57811077,11.11157016,11.0233642,11.0896117,11.34262872,10.49272767,11.20434359,11.24704408,10.3876285,9.748085722,10.12074862,10.74599069,10.93520093,11.32694599,11.63367118,11.18990067,11.54887722,11.50964378,12.08843537,12.23782968,-0.070620641,-0.031148971,0.074862336,-0.017855096,-0.049602779,0.217398,-0.063569993,0.003916705,0.017529577,-0.022804563,0.019850334,-0.027837711,-0.018229659,61
Tmin Middle Mountain Monsoon,13.12249873,12.78596248,13.15533632,12.36168834,12.30964236,12.67340203,13.02075143,12.91154781,12.77849096,12.61331921,12.7376352,12.8036347,12.43639817,12.85761609,12.99677224,13.41144862,13.24568363,12.7174062,12.71275132,12.30120043,12.30755742,11.93952601,12.04837313,12.55383498,12.35590635,11.96015944,11.78719059,11.02584526,12.3970042,11.86444739,11.87229113,11.88213404,12.0469587,12.23681835,11.82361283,11.60160915,12.39376999,11.95183343,12.226523,11.15550187,11.62724577,12.04911694,11.72919155,11.91374772,11.85825149,12.09679995,11.62910188,12.49664665,9.082846532,11.10314015,8.424520497,8.831557377,11.97906142,9.429098361,12.30941597,12.18995628,12.35948707,13.48401639,13.22942698,12.50368852,13.92693346,-0.021290363,-0.009576833,-0.05208462,-0.02586155,-0.13490277,0.507236853,-0.075646449,-0.037931648,-0.023704418,-0.039375827,-0.026494635,-0.041104076,-0.023420298,61
Tmin Middle Mountain Postmonsoon,5.696917008,5.897721887,6.699165477,5.625869026,4.048422816,3.477325123,5.108571796,5.479551343,4.675376094,5.28864034,5.122624098,4.960112216,6.134628438,5.491533009,6.010129715,6.110226474,5.597411439,5.752738842,4.654975059,3.961279791,3.742373674,4.920225717,4.443342519,4.837726706,5.373526855,5.592740807,4.931599405,4.705690757,4.997280723,4.783637566,4.960544944,5.396175128,3.967733488,5.183051741,4.906801708,3.376915446,6.648788297,5.117063241,5.338915246,4.747200267,4.780043285,5.521802557,3.989430776,4.507902565,4.533146378,5.796527242,2.710579336,5.663931437,4.409269485,6.117485111,2.176612247,2.653278689,4.282786885,5.489344262,6.069267679,6.323341137,6.049180328,8.536065574,8.737907484,9.354918033,7.501639344,-0.123951337,-0.085331968,0.071050505,0.038139702,0.051473693,0.790285629,-0.029118748,0.007078664,-0.014276612,-0.01579479,0.001787044,-0.002444274,0.012822507,61
Tmin Middle Mountain Premonsoon,6.627433872,6.233055612,6.925014746,6.346039613,6.656160271,4.750989614,6.756179342,6.953466627,6.722018257,5.988657294,6.913319457,5.934868316,6.425398844,5.523658119,7.010692608,6.287692857,6.20178448,6.639249534,6.539637372,6.082940537,5.004316729,4.820699016,8.292251651,7.251079317,5.124802681,5.335761477,6.181609654,5.728516992,5.061279825,6.188492805,6.458956644,5.372211663,6.122187934,6.534256402,6.481451974,5.113045473,6.082591196,7.132143897,6.074914712,5.506201163,5.890934913,6.026879621,6.909662985,5.818949899,5.993934017,6.466240636,6.609549111,6.766474586,7.967981389,6.020890063,6.89689088,5.359782609,6.781121575,6.649905285,6.554347826,6.336413043,7.313586957,6.974439024,7.466295586,9.169021739,10.50429703,-0.017325714,-0.005208449,-0.021057413,-0.008057578,0.102336188,0.229905855,-0.030733036,0.020956529,0.045974599,-0.008551364,0.028333461,-0.003384765,0.016356318,61
Tmin Middle Mountain Winter,1.167466114,1.431811824,1.372919803,1.557322332,1.146551939,-0.041643647,0.481037378,0.832684937,0.465061501,0.130494346,0.748537989,1.164253844,-0.008432041,-0.781409505,0.33321958,0.776070722,-0.555096164,0.088548722,0.01680004,1.094044112,-1.68590481,-2.346666221,-0.743141025,-0.472819537,-0.491272008,0.097615548,0.391037283,-1.002561513,-0.73201085,-0.130420073,-1.161545537,-0.169125887,-0.536700339,-1.502951525,-0.533898115,-1.651836222,-0.824852749,-0.070401316,-1.139707406,-1.002774107,-0.732835908,-0.573279109,-0.650804352,-0.391644444,-0.021213108,-0.71055278,-2.337006688,-0.636157977,0.096398222,-1.986207076,-2.350898212,-1.576299961,-0.236567058,0.512777778,-1.247252747,0.899814934,0.540555556,0.067777778,0.247501335,3.554444444,4.798888889,-0.140716503,-0.020096525,0.164759429,-0.012831966,-0.079059356,0.42222314,-0.030812133,-0.001183985,-0.00838061,-0.026954635,-0.004890167,-0.036291317,-0.010339872,61
Tmin Middle Mountain annual,6.653578931,6.58713795,7.038109087,6.472729829,6.040194347,5.21501828,6.341634986,6.544312679,6.160236704,6.005277797,6.380529186,6.215717268,6.246998353,5.772849427,6.587703537,6.646359667,6.122445845,6.299485823,5.981040948,5.859866217,4.842085753,4.833446129,6.01020657,6.042455367,5.590740969,5.746569317,5.822859234,5.114372875,5.430888475,5.676539421,5.532561796,5.620348736,5.400044946,5.612793743,5.669492099,4.609933461,6.075074184,6.032659813,5.625161387,5.101532298,5.391347014,5.756130003,5.494370241,5.462238935,5.591029694,5.912253763,4.65305591,6.072723675,5.389123907,5.313827061,3.786781353,3.817079678,5.701600706,5.520281421,5.921444681,6.437381349,6.565702478,7.265574692,7.420282846,8.645518185,9.182939681,-0.075820979,-0.030053444,0.040666975,-0.002152848,-0.015038061,0.487412869,-0.041577592,-0.00277011,-9.67602E-05,-0.022669154,-0.000316074,-0.020806108,-0.001145336,61
Tmin Siwalik Monsoon,28.57624873,28.23971248,28.60908632,27.81543834,27.76339236,28.12715203,28.47450143,28.36529781,28.23224096,28.06706921,28.1913852,28.2573847,27.89014817,28.31136609,28.45052224,28.86519862,28.69943363,28.1711562,28.16650132,26.0296172,24.66180492,24.59918033,24.6557377,24.7057377,25.13114754,24.37868852,23.9295082,21.95,26.59716513,24.8139702,27.32604113,25.63835649,25.12608528,25.3704918,24.96721311,25.14098361,25.89016393,25.10901639,26.97396637,25.3,24.99262295,27.50286694,25.50704456,25.66639344,26.01639344,25.43196721,24.86885246,25.10914273,23.73442623,23.53934426,24.00737705,24.22704918,25.87786885,25.85983607,26.97732374,25.92295082,25.51639344,25.4852459,25.63934426,25.34572126,25.07459016,-0.021290363,-0.103685918,-0.007602757,-0.043864598,-0.269243342,0.108383927,-0.180571954,0.003230604,0.021489859,-0.055674616,0.024626267,-0.080139655,-0.059234355,61
Tmin Siwalik Postmonsoon,21.15066701,21.35147189,22.15291548,21.07961903,19.50217282,18.93107512,20.5623218,20.93330134,20.12912609,20.74239034,20.5763741,20.41386222,21.58837844,20.94528301,21.46387971,21.56397647,21.05116144,21.20648884,20.10872506,16.95737705,18.13114754,17.18852459,16.26885246,17.36721311,18.11311475,20.71147541,17.80327869,19.2704918,20.45103072,20.20833531,20.41429494,18.85245902,19.28557508,18.75409836,18.08196721,16.97704918,20.66557377,18.74098361,18.99836066,18.90327869,21.48688525,20.97555256,19.44318078,18.21803279,19.33770492,19.08852459,17.04590164,17.22786885,17.71147541,17.52786885,16.08107911,17.30819672,18.41803279,19.29836066,20.40596159,19.57540984,17.40819672,19.07377049,18.66557377,18.86393443,18.32131148,-0.123951337,-0.219385754,0.366345376,-0.064674449,-0.444374672,0.189848377,-0.025129344,-0.003091914,-0.049712999,-0.011024219,0.026433112,-0.029243475,-0.044287495,61
Tmin Siwalik Premonsoon,22.08118387,21.68680561,22.37876475,21.79978961,22.10991027,20.20473961,22.20992934,22.40721663,22.17576826,21.44240729,22.36706946,21.38861832,21.87914884,20.97740812,22.46444261,21.74144286,21.65553448,22.09299953,21.99338737,21.53669054,18.25869565,15.98695652,19.62173913,19.10747836,18.24673913,18.14372502,18.54565217,15.37391304,15.58369565,19.6277176,20.64252206,20.82596166,19.5940336,19.46304348,19.54565217,18.64782609,19.42438172,20.20652174,21.52866471,18.55108696,19.50652174,21.48062962,20.37608696,20.03586957,20.0423913,20.91195652,19.55108696,19.19673913,19.82173913,17.93695652,16.325,18.06956522,19.60543478,20.56956522,20.96956522,20.04782609,20.07173913,19.3423913,18.88695652,19.51630435,21.27608696,-0.017325714,-0.005208449,-0.081995465,-0.071850698,-0.19527177,0.186139657,-0.165221734,0.023670986,0.101855936,-0.025453143,0.071330619,-0.043389686,-0.042099562,61
Tmin Siwalik Winter,16.62121611,16.88556182,16.8266698,17.01107233,16.60030194,15.41210635,15.93478738,16.28643494,15.9188115,15.58424435,16.20228799,16.61800384,15.44531796,14.67234049,15.78696958,16.22982072,14.89865384,15.54229872,15.47055004,16.54779411,9.015555556,8.775555556,8.118681319,8.16,10.15888889,9.056666667,9.18021978,7.586847711,6.315555556,14.07757461,10.44993809,15.28462411,10.43,10.50909234,11.19120879,9.162222222,10.34,10.92777778,12.63599239,9.572222222,11.18222222,15.08017715,13.99877609,14.00723848,11.65666667,11.69888889,9.991208791,11.76,10.78928025,8.715555556,8.489010989,9.71797961,10.56222222,11.86888889,11.34615385,12.84655209,11.20111111,10.38,10.17142857,11.34,10.87222222,-0.140716503,-0.020096525,0.16749964,-0.160528725,-0.457188034,0.166175743,-0.27821027,0.017716095,0.112136976,-0.05411812,0.0854266,-0.14111558,-0.102661375,61
Tmin Siwalik annual,22.10732893,22.04088795,22.49185909,21.92647983,21.49394435,20.66876828,21.79538499,21.99806268,21.6139867,21.4590278,21.83427919,21.66946727,21.70074835,21.22659943,22.04145354,22.10010967,21.57619585,21.75323582,21.43479095,20.26786972,17.51680092,16.63755425,17.16625265,17.33510729,17.91247258,18.07263891,17.36466471,16.04531314,17.23686177,19.68189943,19.70819906,20.15035032,18.60892349,18.5241815,18.44651032,17.48202027,19.08002986,18.74607488,20.03424603,18.08164697,19.29206304,21.25980657,19.8312721,19.48188357,19.26328908,19.2828343,17.86426246,18.32343768,18.01423026,16.9299313,16.22561679,17.33069768,18.61588966,19.39916271,19.9247511,19.59818471,18.5493601,18.57035192,18.34082578,18.76649001,18.8860527,-0.075820979,-0.087094162,0.111061699,-0.085229617,-0.341519455,0.162636926,-0.162283325,0.010381443,0.046442443,-0.036567525,0.05195415,-0.073472099,-0.062070697,61
Tmin Tarai Monsoon,28.55024873,28.21371248,28.58308632,27.78943834,27.73739236,28.10115203,28.44850143,28.33929781,28.20624096,28.04106921,28.1653852,28.2313847,27.86414817,28.28536609,28.42452224,28.83919862,28.67343363,28.1451562,28.14050132,27.72895043,27.73530742,27.60412472,27.17772944,27.52700967,27.36377753,27.38790944,27.21494059,26.45359526,27.8247542,27.29219739,27.30004113,27.30988404,27.4747087,27.66456835,27.25136283,27.02935915,27.82151999,27.37958343,27.654273,26.58325187,27.05499577,27.47686694,27.15694155,27.34149772,27.28600149,27.52454995,27.0730972,27.38441626,27.10763569,26.92445243,26.96434813,26.68126817,25.2057377,25.57868852,27.37101781,27.59346141,27.73236377,27.84458793,28.10259211,27.87668762,28.02870625,-0.021290363,-0.009576833,-0.042280789,-0.02586155,-0.01932599,0.230533597,-0.075908953,-0.020575441,-0.000667032,-0.037350104,-0.008784643,-0.038772933,-0.021515845,61
Tmin Tarai Postmonsoon,21.12466701,21.32547189,22.12691548,21.05361903,19.47617282,18.90507512,20.5363218,20.90730134,20.10312609,20.71639034,20.5503741,20.38786222,21.56237844,20.91928301,21.43787971,21.53797647,21.02516144,21.18048884,20.08272506,19.38902979,19.17012367,19.94325887,19.3762141,19.72122414,20.13386596,21.02049081,20.3593494,20.13344076,20.42503072,20.21138757,20.38829494,20.82392513,19.39548349,20.61080174,20.33455171,18.80466545,22.0765383,20.54481324,20.76666525,20.17495027,20.20779329,20.94955256,19.41718078,19.93565256,19.96089638,21.22427724,20.20736359,20.45013336,21.01457995,20.33428989,18.94926548,19.64202639,18.72131148,19.30655738,20.37996159,20.94548555,19.9404366,21.73207729,21.62891083,21.85779251,20.91874177,-0.123951337,-0.085331968,0.117157042,0.038139702,0.053557201,0.349126819,-0.025625393,0.00239621,0.010584052,-0.010344813,0.027184942,0.004535124,-0.00445138,61
Tmin Tarai Premonsoon,22.05518387,21.66080561,22.35276475,21.77378961,22.08391027,20.17873961,22.18392934,22.38121663,22.14976826,21.41640729,22.34106946,21.36261832,21.85314884,20.95140812,22.43844261,21.71544286,21.62953448,22.06699953,21.96738737,21.51069054,20.43206673,20.42122412,22.24259026,21.84770129,20.30756387,20.76351148,21.60935965,21.15626699,20.48902983,21.61624281,21.88670664,20.79996166,21.54993793,21.9620064,21.90920197,20.54079547,21.5103412,22.5598939,21.50266471,20.93395116,21.31868491,21.45462962,22.33741299,21.2466999,21.42168402,21.89399064,21.61651127,21.82492743,23.35076713,21.37723665,21.2708585,21.72209875,20.09779605,20.56086957,22.18973912,22.02343657,21.74852426,21.72546492,21.50053192,22.22243706,23.69902876,-0.017325714,-0.005208449,0.032978976,-0.008057578,0.07769237,0.112413607,-0.026445629,0.012488785,0.038094491,-0.002330668,0.035001955,0.004632198,0.001132198,61
Tmin Tarai Winter,16.59521611,16.85956182,16.8006698,16.98507233,16.57430194,15.38610635,15.90878738,16.26043494,15.8928115,15.55824435,16.17628799,16.59200384,15.41931796,14.64634049,15.76096958,16.20382072,14.87265384,15.51629872,15.44455004,16.52179411,13.74184519,12.92689812,14.00082733,14.5198166,14.4679321,15.34779177,15.81878728,14.42518849,14.69573915,15.29732993,14.26620446,15.25862411,14.89104966,13.92479848,14.89385189,13.77591378,14.60289725,15.35734868,14.28804259,14.42497589,14.69491409,14.85447089,14.77694565,15.03610556,15.40653689,14.71719722,14.14843139,15.87415876,15.40129644,14.08719696,13.89574764,14.12701119,14.54988034,11.96333333,13.89676647,15.71701198,15.14813044,14.74323166,14.6789041,15.790319,15.35017488,-0.140716503,-0.020096525,0.201695923,-0.012831966,0.002981988,0.201550219,-0.028483836,-0.00854618,0.010387662,-0.022183083,0.015743635,-0.030303785,-0.029107708,61
Tmin Tarai annual,22.08132893,22.01488795,22.46585909,21.90047983,21.46794435,20.64276828,21.76938499,21.97206268,21.5879867,21.4330278,21.80827919,21.64346727,21.67474835,21.20059943,22.01545354,22.07410967,21.55019585,21.72723582,21.40879095,21.28761622,20.26983575,20.22387646,20.69934028,20.90393793,20.56828487,21.12992587,21.25060923,20.54212287,20.85863848,21.10428942,20.9603118,21.04809874,20.82779495,21.04054374,21.0972421,20.03768346,21.50282418,21.46040981,21.05291139,20.5292823,20.81909701,21.18388,20.92212024,20.88998894,21.01877969,21.34000376,20.76135086,21.38340896,21.7185698,20.68079398,20.27005494,20.54310113,19.64368139,19.3523622,20.95937125,21.56984888,21.14236377,21.51134045,21.47773474,21.93680905,21.99916292,-0.075820979,-0.030053444,0.077387788,-0.002152848,0.028726392,0.22340606,-0.039115953,-0.003559156,0.014599793,-0.018052167,0.017286472,-0.014977349,-0.013485684,61
